,source,author,title,description,url,photo_url,pub_date,content,date
0,"{'id': 'business-insider', 'name': 'Business Insider'}",ktan@insider.com (Kwan Wei Kevin Tan),"A cowboy-hat-donning, aviator-shades-wearing Elon Musk hiked down south to Texas to try to make a point about migration","Musk's also claimed on X on Wednesday that the US needs a border wall to keep migrants who don't have ""some shred of evidence to claim asylum"" out.",https://www.businessinsider.com/elon-musk-cowboy-hat-southern-border-livestream-2023-9,https://i.insider.com/6516345dc50dce00191367c1?width=1200&format=jpeg,2023-09-29 03:57:10+00:00,"Elon Musk on Thursday put on a cowboy hat and headed to Texas in what appeared to be an attempt to make a point about migration across the Southern border.
""Elon here. I'm at Eagle Pass. Just arrive… [+3070 chars]",2023-09-29
1,"{'id': 'business-insider', 'name': 'Business Insider'}","astjohn@insider.com (Alexa St. John,Nora Naughton)",GM is shaping up to be the hardest hit by the UAW strike,This is the second time in four years that GM has experienced a strike. The current work stoppage has already cost GM upwards of $200 million.,https://www.businessinsider.com/united-auto-workers-strike-general-motors-hit-hardest,https://i.insider.com/652042556561dd877e734e3f?width=1200&format=jpeg,2023-10-08 10:03:01+00:00,"The ongoing United Auto Workers strike
 is taking a multi-million dollar toll on all three Detroit-based automakers, but General Motors might be hit
 the hardest so far.
UAW members have been on s… [+5251 chars]",2023-10-08
2,"{'id': 'business-insider', 'name': 'Business Insider'}",Tim Levin,Tesla is giving away a free car to owners who get their friends to buy a Tesla,Tesla owners who get a friend to buy a Tesla before the end of the month could win a free Model 3.,https://www.businessinsider.com/tesla-model-3-free-sweepstakes-referral-program-sales-2023-9,https://i.insider.com/650b2afa12dc4f001a175b8c?width=1200&format=jpeg,2023-09-20 20:43:28+00:00,"The Tesla Model 3.Xing Yun/Getty Images
<ul><li>Tesla is dangling the prospect of a free Model 3 in front of its loyal fans. </li><li>Tesla owners who get a friend to buy a Tesla before the end of t… [+1753 chars]",2023-09-20
3,"{'id': 'business-insider', 'name': 'Business Insider'}",Kali Hays,The SEC is investigating Elon Musk's purchase of Twitter and attempting to force him to sit for questioning,The Tesla billionaire made a chaotic acquisition of Twitter last year.,https://www.businessinsider.com/sec-investigating-elon-musks-twitter-purchase-wants-him-for-questioning-2023-10,https://i.insider.com/6507b225cd637c0019c694d4?width=1200&format=jpeg,2023-10-05 21:15:14+00:00,"Elon Musk.Chesnot via Getty Images
<ul><li>The SEC is investigating Elon Musk's initial investment in Twitter and his eventual takeover.</li><li>The government agency says Musk has failed to sit for… [+2761 chars]",2023-10-05
4,"{'id': 'business-insider', 'name': 'Business Insider'}",Tim Levin,A Tesla sedan drag raced a $4 million Bugatti — the results were surprisingly close,"The $110,000 Tesla Model S Plaid did surprisingly well against the multimillion-dollar Bugatti supercar.",https://www.businessinsider.com/tesla-model-s-vs-bugatti-chiron-pur-sport-drag-race-2023-9,https://i.insider.com/650b131a12dc4f001a174ce4?width=1200&format=jpeg,2023-09-20 16:10:57+00:00,"Both the Tesla and the Bugatti offer massive amounts of horsepower and speed — but one is gas-powered and one is electric. Bugatti, Tesla
<ul><li>A Tesla Model S drag raced a Bugatti Chiron. </li><l… [+2290 chars]",2023-09-20
5,"{'id': 'business-insider', 'name': 'Business Insider'}",Nora Naughton,Ford and GM workers already make $20 more an hour than Tesla employees. Their union's demands would double that gap.,"Tesla is the real reason Ford, GM, and Stellantis execs don't want to meet the UAW union's strike demands.",https://www.businessinsider.com/uaw-strike-tesla-pay-gap-gm-ford-stellantis-labor-hourly-wages-2023-9,https://i.insider.com/65087a8af05aa00019be57c6?width=1200&format=jpeg,2023-09-18 18:09:30+00:00,"UAW President Shawn Fain marches with UAW members through downtown Detroit on September 15, 2023.Bill Pugliano/Getty
<ul><li>Detroit executives have Tesla in mind as they reject the UAW's big demand… [+3163 chars]",2023-09-18
6,"{'id': 'business-insider', 'name': 'Business Insider'}",Nora Naughton,"Current UAW demands could increase EV prices up to $5,000 — and 'torpedo' Ford and GM's business model, analyst says","Contentious labor talks between the UAW and Ford, GM, and Stellantis could send EV prices soaring, giving Tesla another edge.",https://www.businessinsider.com/uaw-strike-union-demands-could-increase-electric-vehicle-prices-5000-ford-gm-2023-9,https://i.insider.com/6514374feee46600193b9331?width=1200&format=jpeg,2023-09-27 14:17:45+00:00,"United Auto Workers members attend a rally in Detroit, Mich., on September 15, 2023.AP Photo/Paul Sancya, File
<ul><li>Wedbush analyst Dan Ives argues that UAW raises would be passed down to consume… [+2821 chars]",2023-09-27
7,"{'id': 'business-insider', 'name': 'Business Insider'}",Tim Levin,"Tesla's new, cheaper Model Y is one of the best deals you can get on an EV right now",The rear-wheel-drive Tesla Model Y SUV introduces an affordable new option to the expensive EV market.,https://www.businessinsider.com/tesla-launches-cheaper-model-y-suv-2023-10,https://i.insider.com/651c7f2e2ce014759e7415db?width=1200&format=jpeg,2023-10-04 12:14:52+00:00,"Tesla launched a new, cheaper Model Y that could cost you $36,490. Tesla
<ul><li>Tesla launched a new, cheaper version of its popular Model Y SUV. </li><li>The rear-wheel-drive Model Y costs $43,990… [+2489 chars]",2023-10-04
8,"{'id': 'business-insider', 'name': 'Business Insider'}",Hasan Chowdhury,Elon Musk denied a report that Tesla planned to build a factory in Saudi Arabia. It's the latest development in his complicated history with the nation.,Tesla CEO Elon Musk has a thorny and sometimes adversarial relationship with the Saudi government. Here's what we know.,https://www.businessinsider.com/elon-musk-history-saudi-arabia-tesla-evs-2023-9,https://i.insider.com/650164111afe8f0019e94dc0?width=1200&format=jpeg,2023-09-20 09:05:18+00:00,"Elon Musk has a longstanding feud with Saudi Arabia. Chesnot/Getty Images
<ul><li>Elon Musk has denied a report suggesting Tesla has plans to set up a factory in Saudi Arabia.</li><li>The Wall Stree… [+6664 chars]",2023-09-20
9,"{'id': 'business-insider', 'name': 'Business Insider'}",Grace Kay,Elon Musk's dad said he turned down a free Tesla from his son,"""I prefer to drive a Rolls-Royce,"" Errol Musk said, adding he felt shipping the Tesla was too expensive.",https://www.businessinsider.com/elon-musk-errol-musk-turned-down-free-tesla-cost-shipping-2023-9,https://i.insider.com/6503297b1afe8f0019ea8056?width=1200&format=jpeg,2023-10-02 08:30:02+00:00,"Errol Musk (left) said Elon Musk (right) offered to ship a Tesla to South Africa for him.GIANLUIGI GUERCIA/AFP via Getty Images and Chesnot/Getty Images
<ul><li>Errol Musk, Elon Musk's dad, said he … [+3699 chars]",2023-10-02
10,"{'id': 'business-insider', 'name': 'Business Insider'}",Phil Rosen,Tesla is the most shorted stock in the market - and investors have bet against it more than any other name for 3 straight months,"Elon Musk's EV maker topped the list of most shorted US large-cap stocks for a third consecutive month in August, a new report showed.",https://markets.businessinsider.com/news/stocks/tesla-stock-markets-short-sellers-investors-wall-street-elon-musk-2023-9,https://i.insider.com/6501c31f992da60019eb6a38?width=1200&format=jpeg,2023-09-13 15:00:20+00:00,"Tesla CEO Elon Musk.Yichuan Cao/NurPhoto via Getty Images
<ul>
<li>Tesla was the most shorted US large-cap stock for the third consecutive month in August, securities firm Hazeltree said.</li>
<li>C… [+1781 chars]",2023-09-13
11,"{'id': 'business-insider', 'name': 'Business Insider'}",Matthew Fox,Tesla stock soars 10% after Morgan Stanley says Dojo supercomputer could add $500 billion to its market cap,"""The more we looked at Dojo, the more we realized the potential for underappreciated value in the stock,"" Morgan Stanley said.",https://markets.businessinsider.com/news/stocks/tesla-stock-price-dojo-supercomputer-morgan-stanley-upgrade-note-tsla-2023-9,https://i.insider.com/64ff3d883d39230019783cd2?width=1200&format=jpeg,2023-09-11 17:03:01+00:00,"Elon Musk, Chief Executive Officer of SpaceX and Tesla and owner of Twitter, at the Viva Technology conference in Paris, France, June 16, 2023.REUTERS/Gonzalo Fuentes/File Photo
<ul><li>Tesla stock … [+3178 chars]",2023-09-11
12,"{'id': 'business-insider', 'name': 'Business Insider'}",Lakshmi Varanasi,AOC says she's looking to trade in her Tesla for a union-made EV after clash with Elon Musk,AOC reiterated on Face the Nation on Sunday that she wants to trade in her Tesla for a union-made EV.,https://www.businessinsider.com/aoc-trade-tesla-uaw-made-ev-clash-musk-labor-2023-9,https://i.insider.com/64010358934c2c0018026971?width=1200&format=jpeg,2023-09-24 20:05:34+00:00,"Rep. Alexandria Ocasio-Cortez once again said she wants to trade in her Tesla for a union-made EV.Tom Williams/CQ Roll Call
<ul>
<li>AOC said on Face the Nation on Sunday that she wants to trade in … [+1651 chars]",2023-09-24
13,"{'id': 'business-insider', 'name': 'Business Insider'}",Zahra Tayeb,Short-seller Jim Chanos is still betting against Tesla saying the stock is 'ridiculously overvalued' - and champions Nvidia as the 'It girl' of AI,"Famed short-seller Jim Chanos called Tesla a ""hopes and dreams"" stock, while hailing Nvidia as the ""It girl"" of an AI revolution currently underway.",https://markets.businessinsider.com/news/stocks/famed-short-seller-jim-chanos-tesla-ridiculously-overvalued-nvidia-ai-2023-9,https://i.insider.com/5e5e84c3fee23d2498083213?width=1200&format=jpeg,2023-09-15 12:34:08+00:00,"Jim Chanos.David Orrell/CNBC/NBCU Photo Bank/NBCUniversal/Getty Images
<ul>
<li>Famed short-seller Jim Chanos said he remains bearish on Tesla, saying the stock is ""ridiculously overvalued."" </li>
<… [+1532 chars]",2023-09-15
14,"{'id': 'business-insider', 'name': 'Business Insider'}","Polly Thompson,Grace Dean","Elon Musk once caught malaria on safari and was 'hours from death,' book says",Walter Isaacson's new biography of Elon Musk gives more insight into why the Tesla and SpaceX billionaire seems to dislike taking time off.,https://www.businessinsider.com/elon-musk-caught-malaria-safari-south-africa-biography-walter-isaacson-2023-9,https://i.insider.com/64fdd5693d3923001977bfec?width=1200&format=jpeg,2023-09-13 12:00:21+00:00,"Elon Musk did take some time off in July 2022 when he visited the Greek island of Mykonos.MEGA/GC/Getty Images
<ul><li>Walter Isaacson's biography of Elon Musk shines new light on the world's riches… [+4228 chars]",2023-09-13
15,"{'id': 'business-insider', 'name': 'Business Insider'}",Kylie Kirschner,"Tesla owners are using the new button on the side of the iPhone 15 Pro to unlock their car, pop the frunk, and get the AC going","Tesla owners have wasted no time in programming Apple's new ""action button"" on the iPhone 15 Pro to make it easier than ever to control their car.",https://www.businessinsider.com/tesla-shortcuts-iphone-15-pro-action-button-2023-10,https://i.insider.com/6524258f6561dd877e74b782?width=1200&format=jpeg,2023-10-09 16:23:19+00:00,"The new action button can be used as a Tesla key fob.Apple, Sjoerd van der Wal/Getty Images
<ul>
<li>The new iPhone 15 Pro has a customizable ""action button"" in place of the ring/silent switch.</li>… [+2269 chars]",2023-10-09
16,"{'id': 'business-insider', 'name': 'Business Insider'}",Tim Levin,"I compared Tesla rivals from Kia, Hyundai, and Genesis — and found the decision boils down to if you prefer style, luxury, or performance",Hyundai is making some of the best electric cars out there -- and has one of the best Tesla alternatives I've come across yet.,https://www.businessinsider.com/kia-ev6-hyundai-ioniq-5-genesis-gv60-tesla-rival-ev-2023-9,https://i.insider.com/6503646d956dba001acdc1f0?width=1200&format=jpeg,2023-09-15 12:36:28+00:00,"The Kia EV6 GT, Genesis GV60, and Hyundai Ioniq 5 are three cool electric SUVs.Tim Levin/Insider
<ul>
<li>Hyundai and its Kia and Genesis brands are making some of the best electric cars today. </li… [+6364 chars]",2023-09-15
17,"{'id': 'business-insider', 'name': 'Business Insider'}",Theron Mohamed,"Elon Musk blasted short-sellers as bloodsuckers. Bill Gates, 'Big Short' star Michael Burry, and other top investors have bet against Tesla.","Elon Musk hates people who bet against Tesla. Bill Gates, Michael Burry, Jim Chanos, and David Einhorn have all taken short positions in recent years.",https://markets.businessinsider.com/news/stocks/elon-musk-tesla-stock-burry-gates-einhorn-chanos-short-sellers-2023-9,https://i.insider.com/65081e54cd637c0019c6b2d0?width=1200&format=jpeg,2023-09-18 10:44:07+00:00,"Elon Musk.REUTERS/Rebecca Cook
<ul>
<li>Elon Musk blasted short-sellers as ""leeches"" and bemoaned their access to inside information.</li>
<li>Bill Gates, Michael Burry, David Einhorn, and Jim Chano… [+3180 chars]",2023-09-18
18,"{'id': 'business-insider', 'name': 'Business Insider'}",Jennifer Sor,Tesla's stock price target gets cut by Deutsche Bank as the EV maker faces 'considerable downside risk' to 2024 earnings,"The bank trimmed its 2024 production outlook for Tesla to 2.1 million units next year, down from the consensus expectation of 2.3 million units.",https://markets.businessinsider.com/news/stocks/tesla-stock-price-target-deutsche-bank-deliveries-production-outlook-ev-2023-9,https://i.insider.com/6514625deee46600193ba2a7?width=1200&format=jpeg,2023-09-27 19:24:55+00:00,"BI
<ul>
<li>Deutsche Bank cut its 12-month Tesla's stock price target on Wednesday.</li>
<li>The bank's analysts warned that the EV maker faces headwinds to earnings growth in 2024. </li>
<li>The ba… [+2318 chars]",2023-09-27
19,"{'id': 'business-insider', 'name': 'Business Insider'}",Tim Levin,AOC says she'll trade in her Tesla for a union-made EV. Her options are slim.,There aren't many union-made electric cars on the market. And even fewer that we think AOC might like.,https://www.businessinsider.com/aoc-alexandria-ocasio-cortez-tesla-union-made-ev-2023-9,https://i.insider.com/6511c6ebe2c0220019ef528c?width=1200&format=jpeg,2023-09-25 18:23:10+00:00,"Rep. Alexandria Ocasio-Cortez wants to trade in her Tesla because it isn't union-made. Jeff Bachner/New York Daily News/Tribune News Service via Getty Images, Tesla
<ul><li>Rep. Alexandria Ocasio-Co… [+3072 chars]",2023-09-25
20,"{'id': 'business-insider', 'name': 'Business Insider'}",Tim Levin,Jay Leno towed 30 tons with a Tesla Semi and said it felt like nothing,"Jay Leno got to drive Tesla's electric truck, the Semi, and said it felt familiar, smooth, and quick.",https://www.businessinsider.com/tesla-semi-truck-jay-leno-drive-review-video-2023-10,https://i.insider.com/651c52572ce014759e73b09f?width=1200&format=jpeg,2023-10-03 19:24:27+00:00,"Jay Leno tows a Tesla Semi using another Tesla Semi in a recent YouTube video. Jay Leno's Garage
<ul><li>Jay Leno got to drive the Tesla Semi, Elon Musk's electric big rig. </li><li>He said it felt … [+2410 chars]",2023-10-03
21,"{'id': 'business-insider', 'name': 'Business Insider'}",George Glover,Billionaire investor Ron Baron says Elon Musk's Tesla could hit a $4 trillion valuation - and reveals a $1 billion SpaceX stake,"Tesla's market cap could grow between four- and fivefold by the end of the decade, the billionaire investor said Tuesday.",https://markets.businessinsider.com/news/stocks/elon-musk-tesla-valuation-spacex-ron-baron-stock-market-outlook-2023-9,https://i.insider.com/6502de6d992da60019ec2259?width=1200&format=jpeg,2023-09-14 11:55:12+00:00,"Ron Baron and Elon Musk.Associated Press via Business Wire
<ul>
<li>Tesla's valuation could grow between four- and fivefold between now and 2030, according to Ron Baron.</li>
<li>""In the funds that … [+2210 chars]",2023-09-14
22,"{'id': 'business-insider', 'name': 'Business Insider'}",Matthew Fox,Tech sector leads US stocks higher after bullish upgrade to Tesla,Investors are awaiting CPI inflation data on Wednesday for more insight into what the Fed could do at its next policy meeting later this month.,https://markets.businessinsider.com/news/stocks/stock-market-news-today-tech-surge-after-bullish-tesla-upgrade-2023-9,https://i.insider.com/61043f3bea74d40019b9eb4c?width=1200&format=jpeg,2023-09-11 20:07:10+00:00,"Spencer Platt/Getty Images
<ul><li>US tech stocks surged on Monday after Tesla received a bullish upgrade from Morgan Stanley.</li><li>Tesla stock jumped as much as 10% after Morgan Stanley highligh… [+2430 chars]",2023-09-11
23,"{'id': 'business-insider', 'name': 'Business Insider'}","Grace Kay,Grace Dean","Some Tesla engineers secretly started designing a Cybertruck alternative because they 'hated' the original concept, according to the new Elon Musk biography","""They were like, 'You can't be serious.' They didn't want to have anything to do with it,"" Franz von Holzhausen said, according to Walter Isaacson.",https://www.businessinsider.com/some-tesla-engineers-hated-cybertruck-design-elon-musk-biography-2023-9,https://i.insider.com/64ff33b2a39a1b00190d2bb3?width=1200&format=jpeg,2023-09-11 17:06:18+00:00,"Some Tesla engineers weren't fans of Elon Musk's plans for the Cybertruck.Photo by Frederic J. BROWN / AFP via Getty Images
<ul>
<li>Some Tesla engineers ""hated"" the look of the Cybertruck, design c… [+2670 chars]",2023-09-11
24,"{'id': 'business-insider', 'name': 'Business Insider'}",Sawdah Bhaimiya,The boss of the United Auto Workers union said Tesla workers are 'scraping to get by' so that 'greedy people like Elon Musk can build more rocket ships',"Thew United Auto Worker's union boss defended worker demands for higher pay saying companies could double wages and ""still make billions in profits.""",https://www.businessinsider.com/elon-musk-uaw-boss-tesla-greedy-workers-pitiful-pay-2023-9,https://i.insider.com/65086531f05aa00019be3770?width=1200&format=jpeg,2023-09-19 11:27:27+00:00,"UAW President Shawn Fain marches with UAW members through downtown Detroit on September 15, 2023.Bill Pugliano/Getty
<ul><li>The United Auto Workers president Shawn Fain defended worker demands for … [+2765 chars]",2023-09-19
25,"{'id': 'business-insider', 'name': 'Business Insider'}",Theron Mohamed,"Elon Musk slams one wealth measure as flawed, as he owns stock in his companies not a 'giant pile of cash'","Elon Musk says it's ""silly"" to look at his wealth gain per minute, as he owns stakes in companies like Twitter and SpaceX, he doesn't rake in cash.",https://markets.businessinsider.com/news/stocks/elon-musk-wealth-fortune-tesla-spacex-twitter-tech-stock-billionaires-2023-10,https://i.insider.com/63b5551d0e1a1b00195efcc7?width=1200&format=jpeg,2023-10-02 14:55:42+00:00,"Elon Musk.Theo Wargo/WireImage
<ul>
<li>Elon Musk slammed a measure of his fortune's growth as ""silly"" in a recent X post.</li>
<li>The Tesla and SpaceX CEO dismissed calculations of his wealth gain… [+2543 chars]",2023-10-02
26,"{'id': 'business-insider', 'name': 'Business Insider'}",Grace Kay,"Elon Musk wanted to build a house that looked like it 'fell out of space,' new book reveals","Elon Musk has said he owns a prefabricated home, but his biographer said he has discussed plans to build a new mega house on a horse farm in Texas.",https://www.businessinsider.com/elon-musk-wanted-build-house-space-tunnels-tesla-boring-company-2023-9,https://i.insider.com/6500c49c1afe8f0019e90be6?width=1200&format=jpeg,2023-09-13 09:05:01+00:00,"Elon Musk pictured with a prefabricated house that was delivered to SpaceX in 2021. He has said he is living in a $50,000 house he rents from the space venture.Jorge Ramirez and Chesnot/Getty Images… [+5412 chars]",2023-09-13
27,"{'id': 'business-insider', 'name': 'Business Insider'}",Joseph Wilkins,Elon Musk says the UAW's strike demands will drive America's big 3 automakers 'bankrupt',"Workers at Ford, General Motors, and Chrysler owner Stellantis began the first simultaneous walkout on September 15 in a row over wages and working hours.",https://markets.businessinsider.com/news/stocks/elon-musk-uaw-strike-demands-gm-ford-chrysler-bankrupt-2023-9,https://i.insider.com/63d3ee92fc18470019550fb1?width=1200&format=jpeg,2023-09-27 11:07:51+00:00,"Elon Musk is CEO of Tesla.Getty Images
<ul>
<li>Elon Musk hit out at the United Auto Workers in a post on X on Tuesday. </li>
<li>The Tesla CEO said the union's demands would ""drive GM, Ford and Chr… [+1978 chars]",2023-09-27
28,"{'id': 'business-insider', 'name': 'Business Insider'}","Polly Thompson,Grace Dean","Musk's college friend quit working with him at Zip2 after only 6 weeks: 'I knew I could either be working with him or be his friend, but not both'",Elon Musk's 'first real and lasting friend' quit working at his company after just six weeks because he couldn't stop fighting with the now-billionaire.,https://www.businessinsider.com/elon-musks-bio-college-friend-quit-working-after-6-weeks-2023-9,https://i.insider.com/64edbd1a8f9177001939baa5?width=1200&format=jpeg,2023-09-11 11:25:31+00:00,"Walter Isaacson's new biography of Elon Musk sheds light on the world's richest person's early life.Britta Pedersen-Pool/Getty Images
<ul><li>Navaid Farooq was one of Elon Musk's first friends durin… [+3037 chars]",2023-09-11
29,"{'id': 'business-insider', 'name': 'Business Insider'}",Tim Levin,"Mercedes-Benz's $100,000 electric SUV is an awesome Tesla rival — but its blob-like looks aren't for everyone",The Mercedes EQE SUV is an awesome alternative to Tesla's Model X with controversial style.,https://www.businessinsider.com/mercedes-benz-eqe-electric-suv-review-tesla-model-x-2023-9,https://i.insider.com/65013e32992da60019eb2f8a?width=1200&format=jpeg,2023-09-13 15:00:30+00:00,"The 2023 Mercedes-Benz EQE SUV brings a luxurious interior and awe-inspiring driving tech. Tim Levin/Insider
<ul><li>I drove Mercedes-Benz's new electric SUV: the EQE SUV. </li><li>It costs $77,900 … [+5110 chars]",2023-09-13
30,"{'id': 'business-insider', 'name': 'Business Insider'}","Grace Kay,Grace Dean","Elon Musk 'associates love with being mean or abusive,' Grimes told biographer Walter Isaacson","""When we hang out, I make sure I'm with the right Elon,"" Grimes told Elon Musk biographer Walter Isaacson. ""There are guys in that head who don't like me.""",https://www.businessinsider.com/grimes-elon-musk-associates-love-mean-abusive-father-errol-biography-2023-9,https://i.insider.com/64ff3eac3d39230019783dc9?width=1200&format=jpeg,2023-09-12 14:24:01+00:00,"Grimes told Walter Isaacson that Elon Musk ""associates love with being mean or abusive"" because of his father.Theo Wargo/Getty Images
<ul>
<li>Elon Musk ""associates love with being mean or abusive"" … [+4780 chars]",2023-09-12
31,"{'id': 'business-insider', 'name': 'Business Insider'}","Pete Syme,Grace Dean","During stressful periods at work and in his personal life, Elon Musk would stay awake at night and vomit. He says working so hard has 'taken its toll.'","Elon Musk struggled with stomach issues during challenging periods in his career and relationships, Walter Isaacson wrote.",https://www.businessinsider.com/elon-musk-tesla-spacex-vomit-stress-biography-2023-9,https://i.insider.com/6501a6be1afe8f0019e96cb8?width=1200&format=jpeg,2023-09-13 12:35:46+00:00,"Elon Musk.Jim Watson/Getty Images
<ul><li>Walter Isaacson's biography ""Elon Musk"" reveals the billionaire's struggles with stress.</li><li>Musk's partners have described him staying up all night and… [+3194 chars]",2023-09-13
32,"{'id': 'business-insider', 'name': 'Business Insider'}",Grace Kay,X CEO slams claims she's CEO in name only as 'not nice;' 'Who wouldn't want Elon Musk sitting by their side running product?',X CEO Linda Yaccarino took the stage at Vox's Code Conference shortly after an ex-Twitter staffer spoke on his negative experience at the company.,https://www.businessinsider.com/x-ceo-linda-yaccarino-slams-claims-elon-musk-runs-company-2023-9,https://i.insider.com/6514d30c1c099d0019ad5649?width=1200&format=jpeg,2023-09-28 02:27:13+00:00,"Linda Yaccarino, left, is CEO of X, but Elon Musk, right, has said he runs the engineering side of the company.Santiago Felipe/Getty Images, Gotham/FilmMagic
<ul>
<li>X CEO Linda Yaccarino slammed q… [+4314 chars]",2023-09-28
33,"{'id': 'business-insider', 'name': 'Business Insider'}",Tom Carter,Elon Musk's X has added 'formerly Twitter' to its App Store description as users continue to struggle with its rebrand,"The app has changed its description on the app store from ""Blaze your glory"" to ""Formerly Twitter"", after the chaotic rebrand of the social media platform.",https://www.businessinsider.com/elon-musks-x-adds-formerly-twitter-to-app-store-description-2023-9,https://i.insider.com/650d804219f33e0019046dc6?width=1200&format=jpeg,2023-09-22 12:51:42+00:00,"CEO of SpaceX and Tesla and owner of Twitter, Elon Musk.Chesnot via Getty Images
<ul><li>X changes its app store tagline after users complain about confusing new name and logo.</li><li>The social me… [+1969 chars]",2023-09-22
34,"{'id': 'business-insider', 'name': 'Business Insider'}","Beatrice Nolan,Grace Dean","Elon Musk and his siblings hated one of their mom's boyfriends so much that they put tiny firecrackers in his cigarettes that exploded, book says","Walter Isaacson's book, ""Elon Musk,"" details the billionaire's childhood and relationship with his parents.",https://www.businessinsider.com/elon-musk-kimbal-musk-tosca-musk-firecrackers-maye-musk-cigarettes-2023-9,https://i.insider.com/6502d9ca1afe8f0019ea3858?width=1200&format=jpeg,2023-09-14 10:48:53+00:00,"Maye Musk dated the man after she divorced Elon Musk's father Errol Musk, according to Walter Isaacson.ANGELA WEISS/AFP via Getty Images
<ul><li>The Musk siblings hated a man Maye Musk was dating so… [+1844 chars]",2023-09-14
35,"{'id': 'business-insider', 'name': 'Business Insider'}",Sawdah Bhaimiya,"X owner Elon Musk largely runs the social media giant from his iPhone, employees say","X employees have learnt not to send Elon Musk attachments or documents or spreadsheets in an email, per a Financial Times report.",https://www.businessinsider.com/elon-musk-runs-x-from-his-iphone-employees-say-2023-9,https://i.insider.com/65046dda956dba001ace5b0e?width=1200&format=jpeg,2023-09-27 13:47:27+00:00,"Elon Musk likes to be sent information in emails without attachments or spreadsheets in them.Stefani Reynolds/AFP/Getty Images
<ul><li>Elon Musk leads the social media giant X from his iPhone, emplo… [+2411 chars]",2023-09-27
36,"{'id': 'business-insider', 'name': 'Business Insider'}",Theron Mohamed,"Stocks could tumble 20% as steeper interest rates bite - and a recession seems inevitable, JPMorgan's chief strategist says","Stocks look overvalued given higher interest rates have boosted bonds' appeal and caused headaches for companies, JPMorgan's Marko Kolanovic says.",https://markets.businessinsider.com/news/stocks/stock-market-outlook-spx-jpmorgan-kolanovic-recession-economy-fed-rates-2023-10,https://i.insider.com/651ff4d19f7ca8b2bbdb804c?width=1200&format=jpeg,2023-10-06 13:10:33+00:00,"JPMorgan's chief market strategist, Marko Kolanovic.Hollis Johnson/Insider
<ul>
<li>Stocks could climb another 7%, but they could also tumble 20%, Marko Kolanovic says.</li>
<li>The top JPMorgan str… [+2663 chars]",2023-10-06
37,"{'id': 'business-insider', 'name': 'Business Insider'}",Lakshmi Varanasi,Elon Musk's ex-wife told his biographer that deep inside the Tesla CEO 'is this manchild still standing in front of his father',"On an episode of Lex Fridman's podcast, Elon Musk's biographer talked about Musk's relationship to his father and its impact on Musk's personality.",https://www.businessinsider.com/isaacson-musks-second-wife-says-a-man-child-inside-musk-2023-9,https://i.insider.com/63a4bb3f2345c00019eab233?width=1200&format=jpeg,2023-09-13 15:00:42+00:00,"Elon Musk's ex-wife, actress Talulah Riley, said that deep inside, Elon Musk is a ""manchild"" still standing in front of his father, according to Musk's biographer Walter Isaacson.Evan Agostini/AP Ima… [+3317 chars]",2023-09-13
38,"{'id': 'business-insider', 'name': 'Business Insider'}",Kylie Kirschner,Google cofounder apparently tried to dodge the famous selfie Elon Musk took after the Tesla CEO denied having a one-night stand with his wife,"The new Elon Musk biography reveals that after WSJ reported on allegations that Musk slept with Sergey Brin's wife, Brin ""tried to avoid"" a selfie.",https://www.businessinsider.com/google-sergey-brin-elon-musk-selfie-dodge-wife-affair-report-2023-9,https://i.insider.com/6501f1761afe8f0019e9ba17?width=1200&format=jpeg,2023-09-14 08:16:01+00:00,"Musk denied having an affair with Shanahan, Brin's wife.Chip Somodevilla/Getty Images, Tim Mosenfelder/Getty Images
<ul>
<li>WSJ published a story last year that cited sources alleging Elon Musk sle… [+2675 chars]",2023-09-14
39,"{'id': 'business-insider', 'name': 'Business Insider'}","Alexa St. John,Nora Naughton",The new F-150 and 8 other cool things we saw at the Detroit auto show,"From massive indoor track experiences and an electric vehicle learning center, there's still a lot to see in Detroit this year.",https://www.businessinsider.com/detroit-auto-show-highlights-new-cars-f-150-reveal-2023-9,https://i.insider.com/650476b7b8708d001927d17c?width=1200&format=jpeg,2023-09-16 10:20:06+00:00,"The 2024 Ford F-150 was revealed at an event ahead of the Detroit Auto Show.Ford Motor Co
<ul>
<li>The North American International Auto Show kicked off in Detroit this week.</li>
<li>While it looks… [+6609 chars]",2023-09-16
40,"{'id': 'business-insider', 'name': 'Business Insider'}","Jack Newsham,Grace Kay","EXCLUSIVE: Elon Musk filed custody suit against Grimes first, asking for 'relationship' with his children","Grimes' custody lawsuit against Elon Musk has been widely reported — but he sued her first, Insider has learned, asking a Texas judge to set the terms of the ""parent-child relationship.""",https://www.businessinsider.com/musk-asked-for-relationship-grimes-kids-in-secret-lawsuit-2023-10,https://i.insider.com/651f4fdb6e038039826b0679?width=1200&format=jpeg,2023-10-06 00:17:48+00:00,"In this picture issued Sept. 26, 2023, by the Hungarian President's Press Office, Hungarian President Katalin Novak and founder and CEO of Tesla, Inc. Elon Musk tours the recently inaugurated Tesla p… [+4439 chars]",2023-10-06
41,"{'id': 'business-insider', 'name': 'Business Insider'}",Theron Mohamed,"Legendary investor Jeremy Grantham rang the alarm on stocks and recession, warned about the housing market, and hailed Elon Musk's Tesla. Here are his 10 best quotes from a recent event.","Jeremy Grantham warned the AI craze won't stop the bubble in stocks from bursting, and pegged the odds of a recession by early 2025 at 70%.",https://markets.businessinsider.com/news/stocks/jeremy-grantham-quotes-stocks-recession-housing-market-bubble-tesla-economy-2023-9,https://i.insider.com/600ee2d71958200011554bce?width=1200&format=jpeg,2023-09-17 11:35:01+00:00,"Jeremy Grantham.Nicholas Roberts/Reuters
<ul>
<li>Jeremy Grantham issued grim warnings about the US stock market and economy this week.</li>
<li>Stocks will slump despite AI buzz, and there's a 70% … [+3624 chars]",2023-09-17
42,"{'id': 'business-insider', 'name': 'Business Insider'}",Jacob Zinkula,"A millennial who quit teaching to be a full-time Uber and Lyft driver has made $36,000 so far this year — but thinks it's better as a part-time gig","Aaron Lavender, 36, quit teaching to become a full-time Uber and Lyft driver. He said uncertain pay and job security make the job unsustainable.",https://www.businessinsider.com/teacher-quit-to-become-full-time-uber-lyft-driver-2023-9,https://i.insider.com/650cabf712dc4f001a17a2ba?width=1200&format=jpeg,2023-09-25 10:00:01+00:00,"Aaron Lavender.Aaron Lavender
<ul><li>Aaron Lavender, 36, gave up teaching last year to work as a full-time Uber and Lyft driver. </li><li>But he said ride-hailing is more profitable and sustainable… [+5231 chars]",2023-09-25
43,"{'id': 'business-insider', 'name': 'Business Insider'}",Theron Mohamed,Elite investor Jeremy Grantham warns the stock market's rally this year is a 'head fake' - and a recession is still coming,"The buzz around AI has delayed the collapse of the tech bubble, and there's a 70% chance of a US recession in the next 18 months, Grantham said.",https://markets.businessinsider.com/news/stocks/jeremy-grantham-stock-market-forecast-tech-bubble-crash-fed-recession-2023-9,https://i.insider.com/61eaa3802b43ff00185df654?width=1200&format=jpeg,2023-09-15 13:15:08+00:00,"Jeremy Grantham.Boston Globe/Getty Images
<ul>
<li>Jeremy Grantham says AI hype has prevented the tech bubble from collapsing.</li>
<li>The GMO cofounder is wary of US stocks, real estate, and commo… [+3355 chars]",2023-09-15
44,"{'id': 'business-insider', 'name': 'Business Insider'}",Pete Syme,Chinese EV subsidies will be investigated by EU over concerns they're distorting the market with cheaper prices,"Ursula von der Leyen said the  bloc's market was being distorted because the price of Chinese EVs is ""kept artificially low by huge state subsidies.""",https://www.businessinsider.com/eu-chinese-ev-subsidies-market-cheap-prices-cars-2023-9,https://i.insider.com/650182731afe8f0019e954e6?width=1200&format=jpeg,2023-09-13 10:20:04+00:00,"BYD's Atto 3.John Keeble/Getty Images
<ul><li>The European Commission president has announced an ""anti-subsidy investigation"" into Chinese EVs.</li><li>Ursula von der Leyen said the EU's market was … [+1708 chars]",2023-09-13
45,"{'id': 'business-insider', 'name': 'Business Insider'}",Sonam Sheth,"Elon Musk followed his little sister around as a teen because he didn't want to be lonely, reading books when she went to clubs or parties, biography says","Musk's younger sister, Tosca, told him that he had to ""stay ten feet away"" from her when he joined her, according to a new biography.",https://www.businessinsider.com/elon-musk-biography-followed-sister-clubs-parties-lonely-2023-9,https://i.insider.com/62ca6afa8045920019ae5e07?width=1200&format=jpeg,2023-09-12 16:57:39+00:00,"Tosca and Elon MuskJon Kopaloff/Getty Images // Britta Pedersen-Pool/Getty Images
<ul>
<li>Elon Musk trailed his little sister to clubs and parties when they were teenagers, according to a new book.… [+1547 chars]",2023-09-12
46,"{'id': 'business-insider', 'name': 'Business Insider'}",Kwan Wei Kevin Tan,"Elon Musk's biographer says Musk has 'multiple' personalities — he can be 'brutal,' and also 'frightening and inspiring all at once'","""This is a person with multiple moods and modes and personalities, ranging from engineering mode to demon mode,"" said Walter Isaacson.",https://www.businessinsider.com/elon-musks-biographer-musk-multiple-personalities-2023-9,https://i.insider.com/64ffc8084717fd0019fc73dd?width=1200&format=jpeg,2023-09-12 02:54:11+00:00,"Elon Musk.Chesnot via Getty Images
<ul><li>Elon Musk's biographer says Musk ""is a person with multiple moods and modes and personalities.""</li><li>Walter Isaacson told The Atlantic that Musk's many … [+1825 chars]",2023-09-12
47,"{'id': 'business-insider', 'name': 'Business Insider'}",Joseph Wilkins,Cathie Wood says Ark Invest avoided Arm's blockbuster IPO because valuation was on 'high side',"Arm's IPO was the biggest stock market debut for almost two years, but the Ark CEO told CNBC that other companies had ""much more exposure to AI.""",https://markets.businessinsider.com/news/stocks/cathie-wood-ark-invest-avoided-arm-ipo-valuation-high-side-2023-9,https://i.insider.com/61ead50a2b43ff00185dfe90?width=1200&format=jpeg,2023-09-22 09:33:11+00:00,"Ark Invest CEO Cathie Wood.David Swanson/Reuters
<ul>
<li>Arm was the biggest IPO in the US since late 2021 when it made its market debut last week.</li>
<li>But Ark Invest's Cathie Wood sat out the… [+1451 chars]",2023-09-22
48,"{'id': 'business-insider', 'name': 'Business Insider'}",George Glover,Stocks just had their worst month of the year as the 'September Effect' set in. These 4 charts tell the story.,Wall Street's worries about sticky inflation and the Fed's interest-rate hikes fueled big losses for both the S&P 500 and Nasdaq Composite last month.,https://markets.businessinsider.com/news/stocks/stock-market-analysis-charts-data-september-effect-federal-reserve-inflation-2023-10,https://i.insider.com/651aa6c4ec74fc0019070388?width=1200&format=jpeg,2023-10-02 15:16:56+00:00,"US stocks had their worst month of the year in September, with Wall Street fretting about high inflation and the Fed.Richard Drew/Associated Press
<ul>
<li>Stocks had their worst month of 2023 in Se… [+4468 chars]",2023-10-02
49,"{'id': 'business-insider', 'name': 'Business Insider'}",Cork Gaines,Mexico is trying to be best new trade buddies with both the US and China — but it might not be able to handle the pressure,Mexico is now America's top trade partner and has benefited from acting as a middleman between US and China.,https://www.businessinsider.com/mexico-is-now-americas-top-leading-trade-partner-2023-9,https://i.insider.com/6509dee8bf943d00195bb81a?width=1200&format=jpeg,2023-09-20 13:04:56+00:00,"President Joe Biden and President Andrés Manuel López Obrador of Mexico shake hands during a welcome ceremony at the 2023 North American Leaders' Summit.Hector Vivas/Getty Images
<ul><li>Mexico is n… [+6055 chars]",2023-09-20
50,"{'id': 'business-insider', 'name': 'Business Insider'}",Theron Mohamed,Warren Buffett's $123 billion fortune makes him richer than Larry Page - and he's closing in on Bill Gates and Larry Ellison,"Warren Buffett is now richer than Larry Page, Sergey Brin, Steve Ballmer, and Mark Zuckerberg, as Berkshire Hathaway stock hits record highs.",https://markets.businessinsider.com/news/stocks/warren-buffett-berkshire-stock-wealth-page-gates-ellison-musk-billionaires-2023-9,https://i.insider.com/65017e8c1afe8f0019e951ae?width=1200&format=jpeg,2023-09-13 10:09:06+00:00,"Warren Buffett.AP Images
<ul>
<li>Warren Buffett surged past Google cofounder Larry Page in the wealth rankings on Tuesday.</li>
<li>Buffett's fortune grew to $123 billion on the day, while Page's n… [+2345 chars]",2023-09-13
51,"{'id': 'business-insider', 'name': 'Business Insider'}",Huileng Tan,Billionaire investor Bill Ackman's answer to the RTO pushback is to let employees work from anywhere in July and August,"""We've experimented with that for two years and that's worked well, people like the balance, and it works for our business,"" Akman told the New York Post.",https://www.businessinsider.com/bill-ackman-pershing-square-work-from-anywhere-summer-rto-wfh-2023-9,https://i.insider.com/650d00bf12dc4f001a17ac34?width=1200&format=jpeg,2023-09-22 07:44:41+00:00,"Bill Ackman's Pershing Square lets employees work from anywhere two months a year over summer.Michael Bezjian/Getty Images for Brand Innovators
<ul>
<li>Billionaire investor Bill Ackman seems to hav… [+2178 chars]",2023-09-22
52,"{'id': 'business-insider', 'name': 'Business Insider'}",Beatrice Nolan,Elon Musk suggests a Trump-style wall should be built at the US-Mexico border to control immigration,"The billionaire took a Thursday trip to Eagle Pass, Texas, to livestream the border crisis.",https://www.businessinsider.com/elon-musk-trump-wall-us-mexico-border-2023-9,https://i.insider.com/65169dc939979c001948e334?width=1200&format=jpeg,2023-09-29 12:33:44+00:00,"Elon Musk visited Eagle Pass, Texas, on September 28.John Moore via Getty Images
<ul><li>Elon Musk believes that a wall should be built at the US-Mexico border for security reasons.</li><li>The bill… [+2314 chars]",2023-09-29
53,"{'id': 'business-insider', 'name': 'Business Insider'}",Huileng Tan,Billionaire investor Bill Ackman says he would be 'absolutely' interested in a deal with Elon Musk's X,"However, Ackman — who is worth $3.6 billion as of Sunday — told the WSJ he doesn't know if X is interested, or if the deal is doable.",https://www.businessinsider.com/bill-ackman-elon-musk-x-pershing-square-billionaire-deal-twitter-2023-10,https://i.insider.com/651a39eeec74fc001906fc66?width=1200&format=jpeg,2023-10-02 03:34:29+00:00,"Composite of Elon Musk and Bill Ackman.Chesnot/Michael Bezjian/Getty Images for Brand Innovators
<ul>
<li>Billionaire investor Bill Ackman told the WSJ he would be interested in a deal with Elon Mus… [+2399 chars]",2023-10-02
54,"{'id': 'business-insider', 'name': 'Business Insider'}",Filip De Mott,"CHART OF THE DAY: The S&P 500's top 7 stocks have soared more than 50% in 2023, while everything else is 'basically flat'","""If you buy the S&P 500 today, you are basically buying a handful of companies that make up 34% of the index,"" Torsten Sløk wrote.",https://markets.businessinsider.com/news/stocks/sp500-spx-magnificent-7-tech-stocks-artificial-intelligence-nvda-tsla-2023-9,https://i.insider.com/6511ac22e2c0220019ef4abd?width=1200&format=jpeg,2023-09-25 17:08:07+00:00,"Bloomberg, Apollo Chief Economist
<ul>
<li>The S&P 500's top seven stocks have gained more than 50% this year, Apollo's Torsten Sløk wrote.</li>
<li>But the rest of the benchmark index's stocks have… [+2054 chars]",2023-09-25
55,"{'id': 'business-insider', 'name': 'Business Insider'}",Matthew Fox,US stocks drop as investors fret about potential slowdown in semiconductor companies,"Investors are also turning their attention to next week's meeting of Federal Reserve officials, who are expected to hold interest rates steady.",https://markets.businessinsider.com/news/stocks/stock-market-news-today-dow-nasdaq-chipmakers-tsmc-semiconductor-slowdown-2023-9,https://markets.businessinsider.com/public/assets/MI/US/og-image-logo-social.png,2023-09-15 20:06:02+00:00,"(Photo by Michael Nagle/Xinhua via Getty Images)
<ul><li>US stocks fell on Friday as investors fret about a potential slowdown in the semiconductor space.</li><li>Reuters reported that Taiwan Semico… [+2559 chars]",2023-09-15
56,"{'id': 'business-insider', 'name': 'Business Insider'}",Beatrice Nolan,'He simply wants to kill the platform': Some X users are threatening to quit the app after Elon Musk suggested he might move it behind a paywall,"Elon Musk has suggested yet another shakeup for X, formerly known as Twitter: a new paywall",https://www.businessinsider.com/x-users-paywall-quit-app-elon-musk-twitter-2023-9,https://i.insider.com/6509647612dc4f001a162820?width=1200&format=jpeg,2023-09-19 10:27:35+00:00,"Elon Musk.Joel Saget/AFP via Getty Images
<ul><li>Elon Musk says he's considering moving X behind a paywall.</li><li>The billionaire commented during a livestreamed conversation with Israel's prime … [+2285 chars]",2023-09-19
57,"{'id': 'business-insider', 'name': 'Business Insider'}",George Glover,"Orange juice prices are up 270% since the pandemic hit, as crop diseases and hurricanes hammer supply",Two hurricanes hitting Florida and a devastating crop disease have sparked a massive surge in OJ prices.,https://markets.businessinsider.com/news/commodities/food-inflation-orange-juice-prices-florida-economy-eggs-olive-oil-2023-10,https://i.insider.com/651bdff042ecf94db47623e6?width=1200&format=jpeg,2023-10-03 10:55:55+00:00,"Orange juice prices have soared 270% since the start of 2020, according to data from Refinitiv.Business Insider/Hayley Peterson
<ul>
<li>Orange juice prices have skyrocketed 270% since January 2020,… [+2237 chars]",2023-10-03
58,"{'id': 'business-insider', 'name': 'Business Insider'}",Joseph Wilkins,Warren Buffett's Berkshire Hathaway sees its market value surge to a new record of almost $800 billion,"Monday's movements means that Buffett has now administered a more-than 4,300,000% gain in the value of Berkshire shares since he became CEO in 1965.",https://markets.businessinsider.com/news/stocks/warren-buffetts-berkshire-hathaway-hits-record-market-cap-800-billion-2023-9,https://i.insider.com/65002e884717fd0019fc875b?width=1200&format=jpeg,2023-09-12 10:34:24+00:00,"Warren Buffett, chairman and CEO of Berkshire Hathaway, right, listens to Microsoft founder and Berkshire board member Bill Gates during an interview with Liz Claman of the Fox Business Network in Om… [+2143 chars]",2023-09-12
59,"{'id': 'business-insider', 'name': 'Business Insider'}",Brent D. Griffiths,Elon Musk told biographer that Trump is 'the world champion of bullshit',"According to Walter Isaacson's biography, Musk approached Trump's election with cautious optimism that later vanished in the face of ""buffoonery.""",https://www.businessinsider.com/elon-musk-donald-trump-relationship-walter-isaacson-biography-2023-9,https://i.insider.com/64f83b3304e14000196c9634?width=1200&format=jpeg,2023-09-13 17:20:55+00:00,"Tesla CEO Elon MuskChesnot/Getty Images
<ul>
<li>Elon Musk told his biographer that he's ""not Trump's fan.""</li>
<li>Musk, according to Walter Isaacson's new book, also called the former president ""… [+1974 chars]",2023-09-13
60,"{'id': 'business-insider', 'name': 'Business Insider'}","Grace Dean,Grace Kay",8 major takeaways from the explosive new book about Elon Musk that lifts the lid on the world's richest person,"The book had some eye-popping details — from details on Elon Musk's relationship with his father to his ""hard core"" work ethic and ""demon mode.""",https://www.businessinsider.com/new-book-about-elon-musk-walter-isaacson-biography-takeaways-2023-9,https://i.insider.com/65034aea992da60019ec9c1b?width=1200&format=jpeg,2023-09-17 09:24:06+00:00,"Elon Musk (left) allowed Walter Isaacson (right) to shadow him for three years for the biography.Michael Kovac/Getty Images for Vanity Fair
<ul>
<li>Walter Isaacson's biography on Elon Musk hit shel… [+13843 chars]",2023-09-17
61,"{'id': 'business-insider', 'name': 'Business Insider'}",Associated Press,"Striking auto workers are highlighting their CEOs' multi-million dollar pay. Here's how much the top bosses at Ford, GM and Stellantis make","GM CEO Mary Barra's compensation was worth $29 million in 2022, while Ford CEO James Farley received nearly $21 million from his salary and stock awards.",https://www.businessinsider.com/uaw-strike-automaker-ceo-pay-focus-of-union-negotiations-2023-9,https://i.insider.com/650d8c0212dc4f001a17b8a7?width=1200&format=jpeg,2023-09-22 12:47:23+00:00,"General Motors CEO Mary Barra's 2022 compensation was worth $28.98 million. It would take a GM worker 362 years to earn that much.Aly Song/Reuters
<ul>
<li>It would take a GM worker 362 years to mak… [+7889 chars]",2023-09-22
62,"{'id': 'business-insider', 'name': 'Business Insider'}",Tim Levin,I watched YouTube in a self-driving Mercedes and experienced the future of commuting,Mercedes' first-of-its-kind self-driving tech lets you watch TV and play games while your car does all the work. I put it to the test in LA traffic.,https://www.businessinsider.com/mercedes-drive-pilot-self-driving-review-level-3-traffic-2023-9,https://i.insider.com/6514798f1c099d0019ad4611?width=1200&format=jpeg,2023-09-28 09:00:02+00:00,"Mercedes-Benz Drive Pilot is a first-of-its-kind technology that lets drivers not pay attention while their car does all the work.Mercedes-Benz
<ul><li>Mercedes-Benz is launching a revolutionary sel… [+7200 chars]",2023-09-28
63,"{'id': 'business-insider', 'name': 'Business Insider'}",Dan DeFrancesco,Insider Today: Side hustles' turning point,"Generative AI has been a boon for people looking to work multiple jobs, and it doesn't seem to be slowing down anytime soon.",https://www.businessinsider.com/news-today-september-21-gig-economy-ai-impact-2023-9,https://i.insider.com/650b7e04bf943d00195c99b0?width=1200&format=jpeg,2023-09-21 14:20:24+00:00,"Anna Kim/Insider
<ul>
<li>This post originally appeared in the Insider Today newsletter.</li>
<li>You can sign up for Insider's daily newsletter here.</li>
</ul>Hey there! Winning the lottery can co… [+7504 chars]",2023-09-21
64,"{'id': 'business-insider', 'name': 'Business Insider'}",Grace Kay,Elon Musk might be the internet's worst boyfriend. At least that's what it seems like in his new biography.,What's it like to date the richest man in the world? It's not all glitz and glamour. A new biography of Elon Musk paints a somewhat sobering picture.,https://www.businessinsider.com/elon-musk-worst-boyfriend-grimes-amber-heard-new-biography-2023-9,https://i.insider.com/65046bb4956dba001ace577b?width=1200&format=jpeg,2023-09-25 08:58:01+00:00,"Elon Musk can be a difficult person to be in a relationship with, Walter Isaacson's new biography on the billionaire reveals.Nathan Howard/Getty Images, Kurt Krieger/Corbis via Getty Images, David M.… [+6758 chars]",2023-09-25
65,"{'id': 'business-insider', 'name': 'Business Insider'}","Lloyd Lee,Erin Snodgrass",Google co-founder Sergey Brin quietly divorced his wife this year after allegations that she had an affair with Elon Musk,A judge rejected Brin's attempt to seal the case over concerns about his high-profile stature.,https://www.businessinsider.com/google-sergey-brin-divorced-wife-accused-affair-with-elon-musk-2023-9,https://i.insider.com/6501f1761afe8f0019e9ba17?width=1200&format=jpeg,2023-09-15 13:52:50+00:00,"Musk denied having an affair with Shanahan, Brin's wife.Chip Somodevilla/Getty Images, Tim Mosenfelder/Getty Images
<ul>
<li>Sergey Brin filed for a divorce from his second wife, Nicole Shanahan, in… [+3237 chars]",2023-09-15
66,"{'id': 'business-insider', 'name': 'Business Insider'}",Sinéad Baker,"Ukraine is using its advanced Leopard tanks as a 'nocturnal predator' fighting mostly at night and at dawn, soldier says",A tank loader and a commander with Ukraine's 47th Mechanized Brigade said the Leopard 2A6 tanks are giving it an advantage at night.,https://www.businessinsider.com/ukraine-using-advanced-leopard-tanks-as-nocturnal-predator-soldier-says-2023-9,https://i.insider.com/65018597992da60019eb4172?width=1200&format=jpeg,2023-09-13 10:36:53+00:00,"Yurii, a tank loader with the 47th Mechanized Brigade, speaks about the Leopard 2A6 tanks.X/Defense of Ukraine
<ul>
<li>Ukrainian troops praised the advanced Leopard 2A6 tank's night vision as an ad… [+3218 chars]",2023-09-13
67,"{'id': 'business-insider', 'name': 'Business Insider'}",Jennifer Sor,US stocks trade mixed as investors assess Fed outlook after August CPI comes in hotter than expected,Markets now see a 41% chance that the Federal Reserve could hike rates 25 basis points in November.,https://markets.businessinsider.com/news/stocks/stock-market-news-today-inflation-august-cpi-fed-rate-hike-2023-9,https://i.insider.com/60cbbb0220bd1300181c701d?width=1200&format=jpeg,2023-09-13 20:07:15+00:00,"Investors are widely expecting the Fed to pause interest rate hikes at its next policy meeting.Getty Images / Spencer Platt
<ul>
<li>US stocks were mixed on Wednesday as traders weighted the hot Aug… [+2539 chars]",2023-09-13
68,"{'id': 'business-insider', 'name': 'Business Insider'}",Theron Mohamed,Legendary investor Jeremy Grantham warns the S&P is likely to crash by 30% - and could nosedive 50% if the 'wheels fall off',"Jeremy Grantham expects stocks to plunge, house prices to slump, and a recession to strike next year. He also views bitcoin as an ""elaborate scam.""",https://markets.businessinsider.com/news/stocks/grantham-spx-stock-market-outlook-crash-house-prices-recession-bitcoin-2023-10,https://i.insider.com/61eaa3802b43ff00185df654?width=1200&format=jpeg,2023-10-06 10:53:06+00:00,"Jeremy Grantham.Alison Yin/AP Images for DivestInvest
<ul>
<li>The S&P 500 will likely plunge by 30%, and could be cut in half, Jeremy Grantham says.</li>
<li>The bubble expert predicts a recession … [+3154 chars]",2023-10-06
69,"{'id': 'business-insider', 'name': 'Business Insider'}",Theron Mohamed,Apple CEO Tim Cook just sold 13% of his stock for $42 million after taxes,"Apple CEO Tim Cook received 511,000 shares this month for beating a three-year performance goal, and cashed them in for $88 million in gross proceeds.",https://markets.businessinsider.com/news/stocks/tim-cook-apple-ceo-share-sales-compensation-stock-price-performance-2023-10,https://i.insider.com/5cc338e3c0133511c9685db4?width=1200&format=jpeg,2023-10-05 10:39:54+00:00,"Apple CEO Tim Cook.Richard Drew/AP
<ul>
<li>Apple CEO Tim Cook just sold $88 million of his stock, earning about $41.5 million after taxes.</li>
<li>The iPhone maker's boss cashed in 13% of his stak… [+2587 chars]",2023-10-05
70,"{'id': 'business-insider', 'name': 'Business Insider'}",Phil Rosen,US stocks fall as oil prices jump and traders await Fed meeting,"Oil prices soared on Monday to their highest level since November, with Brent crude, the international benchmark, approaching $95 a barrel.",https://markets.businessinsider.com/news/stocks/stock-market-news-today-indexes-crude-oil-prices-fed-policy-2023-9,https://i.insider.com/63dc08d00a08ae0018a68793?width=1200&format=jpeg,2023-09-18 13:51:51+00:00,"REUTERS/Brendan McDermid
<ul>
<li>Stocks traded mixed Monday, with oil prices surging to their highest mark since November.</li>
<li>Brent crude, the international benchmark, hovered near $95 a barr… [+2506 chars]",2023-09-18
71,"{'id': 'business-insider', 'name': 'Business Insider'}",Haley Tenore,Elon Musk crashed Grimes' voice-recording session for 'Cyberpunk 2077' with a 200-year-old musket and 'insisted' on a cameo,"Elon Musk visited Grimes while she was recording lines for ""Cyberpunk 2077"" and brought a 200-year old gun. Musk apparently ""insisted"" on a cameo.",https://www.businessinsider.com/elon-musk-cyberpunk-2077-cameo-antique-gun-grimes-story-2023-9,https://i.insider.com/650b0428bf943d00195c622e?width=1200&format=jpeg,2023-09-20 16:38:32+00:00,"Walter Isaacson's new biography on Elon Musk reveals a time when he entered Grimes's recording session for Cyberpunk 2077 with a gun because he wanted a cameo in the game.Theo Wargo/Getty Images
<ul… [+3205 chars]",2023-09-20
72,"{'id': 'business-insider', 'name': 'Business Insider'}",Grace Dean,"After Elon Musk spoke to Neuralink director Shivon Zilis about his population decline fears, she decided to have children. He suggested being her sperm donor.","Zilis said that choosing to have Musk as a sperm donor was an ""easy decision"" because she admires him more than anyone else on earth.",https://www.businessinsider.com/elon-musk-shivon-zilis-children-twins-ivf-population-sperm-donor-2023-9,https://i.insider.com/650049684717fd0019fc951a?width=1200&format=jpeg,2023-09-12 13:44:26+00:00,"nullChesnot/Getty Images
<ul><li>Elon Musk and Shivon Zilis decided to have children together after he spoke to her about population decline.</li><li>The tech mogul and Zilis, currently a Neuralink … [+3391 chars]",2023-09-12
73,"{'id': 'business-insider', 'name': 'Business Insider'}",Insider Inc.,"Elon Musk, Mark Zuckerberg, Bill Gates and other tech names head to Washington for a closed-door meeting on policing AI","Some of the biggest tech leaders in the world, like Elon Musk and Mark Zuckerberg, gathered in Washington to discuss ways to potentially police AI.",https://www.businessinsider.com/how-to-regulate-ai-tech-washington-musk-zuckerberg-gates-altman-2023-9,https://i.insider.com/6501f7f8992da60019eba99b?width=1200&format=jpeg,2023-09-13 20:53:00+00:00,"Elon Musk, speaking outside the ""AI Insight Forum"" in Washington on Wednesday. He and other tech leaders were discussing artificial intelligence and possible government regulation.Photo by Nathan How… [+3864 chars]",2023-09-13
74,"{'id': 'business-insider', 'name': 'Business Insider'}",Tom Carter,Elon Musk describes himself as 'aspirationally Jewish' as he pushes back on reports that X is spreading antisemitism,"X owner Elon Musk said his entire life was ""pro-semitic"" in a recent conversation with conservative commentator Ben Shapiro.",https://www.businessinsider.com/elon-musk-says-hes-aspirationally-jewish-defends-x-antisemitism-reports-2023-9,https://i.insider.com/65169dd839979c001948e339?width=1200&format=jpeg,2023-09-29 11:20:06+00:00,"Elon Musk comments came after he threatened to sue the ADL, saying it had accused him of antisemitism.Nathan Howard/Getty Images
<ul><li>Elon Musk said that he can't be antisemitic as he's ""aspirati… [+2547 chars]",2023-09-29
75,"{'id': 'business-insider', 'name': 'Business Insider'}",Theron Mohamed,Warren Buffett has only topped Forbes' rich list once – while Bill Gates ranked first for 24 years straight,"Forbes ranked Warren Buffett as America's wealthiest person in 1993, interrupting what would have been a 25-year winning streak for Bill Gates.",https://markets.businessinsider.com/news/stocks/warren-buffett-forbes-400-rich-list-bill-gates-wealth-billionaires-2023-10,https://i.insider.com/63288891edbe7f00190ed062?width=1200&format=jpeg,2023-10-04 11:42:48+00:00,"Warren Buffett.Paul Morigi/Getty Images for Fortune/Time Inc
<ul>
<li>Warren Buffett has been a billionaire for nearly four decades.</li>
<li>Yet the famed investor has only topped Forbes' list of t… [+3146 chars]",2023-10-04
76,"{'id': 'business-insider', 'name': 'Business Insider'}",Beatrice Nolan,"Elon Musk's suggested X paywall is too risky to succeed, experts say: 'It will only speed up the deterioration of a platform in chaos.'","Elon Musk has proposed a paywall for X, formerly Twitter, and experts are skeptical about the suggested business model.",https://www.businessinsider.com/elon-musk-x-paywall-twitter-too-risky-succeed-2023-9,https://i.insider.com/64d4c17748a88f0019689aa3?width=1200&format=jpeg,2023-09-20 13:47:56+00:00,"Elon Musk said a paywall for X could help combat bots on the platform.Chesnot/Getty Images
<ul><li>Elon Musk has proposed a paywall for X, but some experts are skeptical.</li><li>The billionaire sai… [+2774 chars]",2023-09-20
77,"{'id': 'business-insider', 'name': 'Business Insider'}",Theron Mohamed,"The stock market is showing cracks - and even the 'Magnificent 7' aren't safe from a recession, Morgan Stanley's stock chief warns","Many stocks are under pressure as consumers exhaust their pandemic savings and prepare for student-loan repayments to restart, Mike Wilson said.",https://markets.businessinsider.com/news/stocks/stock-market-outlook-wilson-morgan-stanley-inflation-recession-consumer-fed-2023-9,https://i.insider.com/65154ccf1c099d0019ad5bf1?width=1200&format=jpeg,2023-09-28 11:08:05+00:00,"Mike Wilson, Morgan Stanley's stock chief.Bloomberg TV
<ul>
<li>Large parts of the stock market are suffering a breakdown, Morgan Stanley's equity chief said.</li>
<li>Even the ""Magnificent Seven"" s… [+2698 chars]",2023-09-28
78,"{'id': 'business-insider', 'name': 'Business Insider'}",Theron Mohamed,"Stocks, banks, and real estate are headed for trouble - and a recession is still looming, Wall Street legend Byron Wien warns","The S&P 500 could tank 20%, a wave of loan defaults could hit banks and commercial real estate, and a recession could set in next year, Byron Wien says.",https://markets.businessinsider.com/news/stocks/blackstones-wien-rings-alarm-on-stocks-real-estate-banks-recession-2023-9,https://i.insider.com/57c985acb996eb5d128b5c77?width=1200&format=jpeg,2023-09-26 10:17:18+00:00,"Byron Wien.REUTERS/Brendan McDermid
<ul>
<li>Stocks, real estate, banks, and the economy may be in danger, Byron Wien has warned.</li>
<li>Earnings weakness could tank the S&P 500 by 10% or 20%, the… [+3564 chars]",2023-09-26
79,"{'id': 'business-insider', 'name': 'Business Insider'}",Hannah Getahun,Elon Musk's grandfather belonged to a political party that believed the world should be governed by technology. Newspapers at the time described it as having 'the tone of an incipient Fascist movement.',"Elon Musk's grandfather Joshua Haldeman was a raging racist and anti-semite, per the Atlantic. He also strongly believed in technocracy at one point in his life.",https://www.businessinsider.com/who-was-elon-musk-grandfather-joshua-haldeman-technocracy-incorporated-party-2023-9,https://i.insider.com/650e6be923ce9d001908aaa5?width=1200&format=jpeg,2023-09-23 07:04:10+00:00,"Elon Musk.Britta Pedersen-Pool/Getty Images
<ul><li>Elon Musk's grandfather, Joshua Haldeman, was a ""radical conspiracy theorist,"" the Atlantic reports.</li><li>Haldeman was convicted in Canada for … [+4875 chars]",2023-09-23
80,"{'id': 'business-insider', 'name': 'Business Insider'}",Lloyd Lee,"Elon Musk's claim that no monkey died as a result of Neuralink implants contradicts records that show how the animals experienced brain swelling, paralysis, seizures, and other health effects, letter to SEC alleges","A nonprofit alleges that research records of Neuralink's experiment on at least a dozen monkeys contradict Elon Musk's claims that ""no monkey has died as a result"" of the chip.",https://www.businessinsider.com/elon-musk-neuralink-monkeys-infections-paralysis-brain-swelling-implants-sec-2023-9,https://i.insider.com/64ce500bf5d4870019e25854?width=1200&format=jpeg,2023-09-21 03:22:05+00:00,"Elon Musk in June 2023 at the Viva Tech conference.Chesnot/Getty Images
<ul><li>Elon Musk's Neuralink used monkeys to test its brain chip that can connect to a device.</li><li>Musk said on X, former… [+4901 chars]",2023-09-21
81,"{'id': 'business-insider', 'name': 'Business Insider'}",Grace Kay,"Elon Musk's dad, 77, says he'd have more kids — but only if he could find a woman under 35","Elon Musk's father, Errol, has seven known children, including two he had with his former stepdaughter. He told Insider he'd have more.",https://www.businessinsider.com/elon-musk-father-errol-musk-have-more-kids-young-woman-2023-9,https://i.insider.com/651330a41c099d0019ad14d0?width=1200&format=jpeg,2023-09-30 08:57:01+00:00,"Errol Musk, the father of Elon Musk, told Insider he'd be open to having more children.Denver Post Photo by Cyrus McCrimmon
<ul><li>Errol Musk said he'd be open to having more children if he could f… [+4024 chars]",2023-09-30
82,"{'id': 'business-insider', 'name': 'Business Insider'}",Charles R. Davis,Elon Musk attacked German support for migrants and promoted a call to support a far-right extremist political party,"Elon Musk appears unhappy that the German government provided a little more than $2 million to groups that aid migrants, include one that conducts search-and-rescue operations.",https://www.businessinsider.com/elon-musk-immigration-migrants-germany-far-right-extremism-twitter-x-2023-9,https://i.insider.com/64ffc8084717fd0019fc73dd?width=1200&format=jpeg,2023-09-29 19:55:38+00:00,"Elon Musk.Chesnot via Getty Images
<ul><li>Germany has responded to an attack from Elon Musk, saying it's ""saving lives"" by helping migrants.</li><li>The billionaire had promoted the claim that Germ… [+5332 chars]",2023-09-29
83,"{'id': 'business-insider', 'name': 'Business Insider'}",Theron Mohamed,"Be ready for the S&P 500 to crash by 50%, house prices to slide, and a recession to strike, Jeremy Grantham says. Here are the elite investor's 16 best quotes from a new interview.","Elite investor Jeremy Grantham blasted bitcoin and issued bleak forecasts for stocks, home prices, and the US economy in a recent interview.",https://markets.businessinsider.com/news/stocks/stock-market-forecast-grantham-crash-house-prices-recession-bitcoin-ai-2023-10,https://i.insider.com/6290d7a9f099c40019569bb7?width=1200&format=jpeg,2023-10-07 10:35:01+00:00,"Jeremy Grantham.Alison Yin/AP Images for DivestInvest
<ul>
<li>Stocks are in a bubble and could crash by over 50% if it ends badly, Jeremy Grantham says.</li>
<li>The elite investor sees house price… [+4764 chars]",2023-10-07
84,"{'id': 'business-insider', 'name': 'Business Insider'}",Nora Naughton,"Public spats, layoffs, and new offers: The UAW strike is heating up in week 3","In the third week of the UAW's strike at Ford, GM, and Stellantis, public exchanges are heating up while more layoffs hit the industry.",https://www.businessinsider.com/uaw-strike-public-spats-ceos-layoffs-offers-2023-10,https://i.insider.com/651efd5f9f7ca8b2bbdaadf6?width=1200&format=jpeg,2023-10-06 09:00:01+00:00,"United Auto Workers member Victoria Hall walks the picket line at the Ford Michigan Assembly Plant in Wayne, Mich., Monday, Sept. 18, 2023. So far the strike is limited to about 13,000 workers at thr… [+3891 chars]",2023-10-06
85,"{'id': 'business-insider', 'name': 'Business Insider'}",Erin Snodgrass,Elon Musk and Grimes' 3 kids ordered to stay in California after Grimes files for physical custody,"Grimes filed for physical custody of the former couple's kids about three weeks after Elon Musk sued her to establish a ""parent-child relationship.""",https://www.businessinsider.com/elon-musk-grimes-kids-california-amid-custody-dispute-2023-10,https://i.insider.com/64db4a6d5e5d5a00195e2422?width=1200&format=jpeg,2023-10-06 16:22:01+00:00,"Elon Musk (left) and Grimes (right).Chesnot via Getty Images; Frazer Harrison via Getty Images
<ul><li>Grimes sued Elon Musk for physical custody of the former couple's three children last month.</l… [+4017 chars]",2023-10-06
86,"{'id': 'business-insider', 'name': 'Business Insider'}",Grace Dean,"When working together at Zip2, Elon Musk had to go to the ER for stitches and a tetanus shot after his brother, Kimbal, once tore off a hunk of flesh from his hand","""Growing up in South Africa, fighting was normal,"" Elon Musk told his biographer, Walter Isaacson. ""It was part of the culture.""",https://www.businessinsider.com/elon-musk-kimbal-fight-zip2-stitches-tetanus-shot-brother-bite-2023-9,https://i.insider.com/64ff019b3d3923001978000e?width=1200&format=jpeg,2023-09-11 14:02:08+00:00,"Kimbal Musk and Elon Musk.Chris Saucedo/Getty Images for SXSW; Chesnot/Getty Images
<ul><li>Kimbal Musk bit Elon Musk and ""tore off a hunk of flesh"" off his hand during a fight in the 1990s.</li><li… [+3944 chars]",2023-09-11
87,"{'id': 'business-insider', 'name': 'Business Insider'}",Grace Dean,"Mark Zuckerberg's net worth is $108 billion. Here's how the tech mogul, now the world's 10th richest person, built his fortune.","Mark Zuckerberg's net worth is $108 billion, making him the world's 10th richest person. Learn how the Facebook founder and Meta CEO made his fortune.",https://www.businessinsider.com/mark-zuckerberg-net-worth,https://i.insider.com/65008196db12d30019067ae7?width=1200&format=jpeg,2023-09-15 09:01:01+00:00,"Kevin Dietsch/Getty Images
<ul>
<li>
Mark Zuckerberg is the world's 10th-richest person, worth $108 billion, per Bloomberg estimates.

</li>
</ul>
<ul>
<li>
The Meta co-founder and CEO famously dro… [+3874 chars]",2023-09-15
88,"{'id': 'business-insider', 'name': 'Business Insider'}",Sarah Jackson,Elon Musk's biographer says X CEO's rocky interview was 'not a pretty sight' but she's 'the right person' for the job,"Musk's biographer, Walter Isaacson, said it'll be ""interesting"" to see X under Linda Yaccarino's leadership and described her as ""an impulsive hire.""",https://www.businessinsider.com/walter-isaacson-x-ceo-linda-yaccarino-interview-2023-9,https://i.insider.com/6513e76c1c099d0019ad25dc?width=1200&format=jpeg,2023-09-28 19:16:54+00:00,"X CEO Linda Yaccarino still has the support of Elon Musk's biographer, who says she's ""the right person"" for the job, though he admits her Code Conference interview was ""not a pretty sight.""Isaac Bre… [+4966 chars]",2023-09-28
89,"{'id': 'business-insider', 'name': 'Business Insider'}",Charles R. Davis,"Denver experimented with giving people $1,000 a month. It reduced homelessness and increased full-time employment, a study found.","UBI, or universal basic income, is a form of direct cash assistance to help the most vulnerable get back on their feet. A new study in Denver suggests it works.",https://www.businessinsider.com/ubi-cash-payments-reduced-homelessness-increased-employment-denver-2023-10,https://i.insider.com/651daae8617692f0d03f2f7a?width=1200&format=jpeg,2023-10-05 10:30:01+00:00,"A man walks past a homeless encampment in Denver, Colorado.Helen H. Richardson/MediaNews Group/The Denver Post via Getty Images
<ul><li>Direct cash assistance reduced homelessness and increased empl… [+5395 chars]",2023-10-05
90,"{'id': 'business-insider', 'name': 'Business Insider'}",Grace Kay,We asked Elon Musk's dad what he thought about the new book out on his son. He had a lot to say.,Errol Musk is mentioned over 120 times in the new Elon Musk biography — often in a negative light.,https://www.businessinsider.com/errol-musk-comments-on-new-elon-book-walter-isaacson-2023-9,https://i.insider.com/6503297b1afe8f0019ea8056?width=1200&format=jpeg,2023-09-27 15:14:58+00:00,"Errol Musk (left) said he doesn't plan to read the biography on his son, Elon Musk (right), that was written by Walter Isaacson (center).GIANLUIGI GUERCIA/AFP via Getty Images, SXSW/Chesnot/Getty Ima… [+6055 chars]",2023-09-27
91,"{'id': 'business-insider', 'name': 'Business Insider'}",Charles R. Davis,Elon Musk's control of Starlink gives him unchecked power over elected governments,There is a growing consensus that one unelected man should not decide what is or is not a legitimate military target.,https://www.businessinsider.com/elon-musk-and-starlink-critics-question-billionaires-control-2023-9,https://i.insider.com/64f83b3304e14000196c9634?width=1200&format=jpeg,2023-09-13 16:05:41+00:00,"Chesnot/Getty Images
<ul>
<li>Elon Musk's control over Starlink is in the spotlight after he thwarted a Ukrainian attack.</li>
<li>Musk says he vetoed a 2022 strike on Russia's Black Sea Fleet over … [+7893 chars]",2023-09-13
92,"{'id': 'business-insider', 'name': 'Business Insider'}",Dan DeFrancesco,Insider Today: Fed's decision day looms,"The Fed is expected to pause interest-rate hikes this week, but questions remain about when the first cuts will occur.",https://www.businessinsider.com/news-today-september-19-fed-interest-rate-hike-cut-2023-9,https://i.insider.com/6508d59abf943d00195b23db?width=1200&format=jpeg,2023-09-19 13:26:48+00:00,"US Federal Reserve Chair Jerome Powell.Liu Jie/Xinhua via Getty Images
<ul>
<li>This post originally appeared in the Insider Today newsletter.</li>
<li>You can sign up for Insider's daily newsletter… [+7524 chars]",2023-09-19
93,"{'id': 'business-insider', 'name': 'Business Insider'}","Bryan Metzger,Nora Naughton",'Just shut your mouth:' Populist Republicans back UAW workers' demands while slamming union leadership,"Sens. JD Vance and Josh Hawley also explained to Insider why they do not support the PRO Act, a top legislative priority for the labor movement.",https://www.businessinsider.com/vance-hawley-republicans-uaw-strikes-shawn-fain-labor-2023-9,https://i.insider.com/6511dffde2c0220019ef5a53?width=1200&format=jpeg,2023-09-26 16:47:47+00:00,"From left: Sen. JD Vance of Ohio, UAW President Shawn Fain, and Sen. Josh Hawley of Missouri.Tom Williams/CQ-Roll Call via Getty Images; Bill Pugliano/Getty Images; Ken Cedeno/Getty Images
<ul>
<li>… [+9236 chars]",2023-09-26
94,"{'id': 'business-insider', 'name': 'Business Insider'}",Ben Bergman,Was Linda Yaccarino 'sandbagged?' What happened behind the scenes at the X CEO's disastrous coming out party.,When Linda Yaccarino watched a live video feed of Yoel Roth's interview less than two hours before she was scheduled to take the stage she was horrified.,https://www.businessinsider.com/behind-the-scenes-at-linda-yaccarinos-disastrous-coming-out-party-2023-9,https://i.insider.com/6515e56a98683c001946a5b4?width=1200&format=jpeg,2023-09-28 23:44:42+00:00,"CNBC's Julia Boorstin and X CEO Linda YaccarinoJerod Harris/Getty Images for Vox Media
<ul>
<li>X CEO Linda Yaccarino appeared rattled during her most high-profile appearance to date.</li>
<li>Yoel … [+8589 chars]",2023-09-28
95,"{'id': 'business-insider', 'name': 'Business Insider'}",Alex Morrell,"A California hedge fund bulldozed state labor laws, imposed harshest noncompetes",Voleon has sought to restrict employees from working for rivals despite a state noncompete ban. Its tactics could serve as a template in New York.,https://www.businessinsider.com/how-hedge-funds-skirt-california-noncompete-ban-what-means-ny-2023-9,https://i.insider.com/651462c01c099d0019ad4016?width=1200&format=jpeg,2023-10-06 09:13:29+00:00,"Over the summer, Wall Street was abuzz over a bill passed by New York lawmakers that would ban the practice of restraining employees from working for competitors. While many companies oppose the prop… [+20806 chars]",2023-10-06
96,"{'id': 'business-insider', 'name': 'Business Insider'}",gdean@insider.com (Grace Dean),"Elon Musk said that he had to take 'random drug tests for a couple of years' after smoking weed on the Joe Rogan podcast: 'Fortunately, I really don't like doing illegal drugs'","Elon Musk, who is known for cracking 420 jokes and has reportedly taken ketamine, told his biographer he ""really"" doesn't like taking illegal drugs.",https://www.businessinsider.com/elon-musk-illegal-drugs-weed-ketamine-rogan-420-isaacson-biography-2023-9,https://i.insider.com/6502d447992da60019ec1ce6?width=1200&format=jpeg,2023-09-14 10:26:06+00:00,"Elon Musk, who is known for cracking 420 jokes and has reportedly taken ketamine, told his biographer that he ""really"" doesn't like taking illegal drugs.
The Wall Street Journal
 reported in June t… [+3312 chars]",2023-09-14
97,"{'id': 'business-insider', 'name': 'Business Insider'}","htenore@insider.com (Haley Tenore,Grace Kay)","Elon Musk told Tucker Carlson he 'voted for Biden.' Turns out, he apparently didn't vote at all.","Elon Musk said multiple times he ""voted for Biden"" in 2020, but a new book says he didn't vote in the general election, thinking it a waste of time.",https://www.businessinsider.com/elon-musk-didnt-vote-biden-trump-president-2020-general-election-2023-9,https://i.insider.com/6509e1f612dc4f001a1699d6?width=1200&format=jpeg,2023-09-20 13:08:17+00:00,"Elon Musk has seemingly changed his tune about how he voted in the 2020 US presidential election.
Rather, he apparently didn't vote in the general election telling biographer Walter Isaacson that he… [+4177 chars]",2023-09-20
98,"{'id': 'business-insider', 'name': 'Business Insider'}",astjohn@insider.com (Alexa St. John),The founder of Tesla's biggest China rival reportedly drank a glass of battery fluid to impress one of Warren Buffett's lieutenants,"The founder of Chinese automaker BYD, Tesla's biggest global EV rival, once drank battery fluid in front of a big-name investor to show just how green the tech was.",https://www.businessinsider.com/byd-founder-tesla-rival-drank-battery-fluid-impress-investors-report-says-2023-10,https://i.insider.com/64a5c32c4cc8540019cb7b74?width=1200&format=jpeg,2023-10-04 19:37:30+00:00,"The founder of Chinese automaker BYD, Tesla's biggest global EV rival, once drank battery fluid in front of a big-name investor to show just how serious he was about his company, the Wall Street Jour… [+3604 chars]",2023-10-04
99,"{'id': 'business-insider', 'name': 'Business Insider'}",tcarter@insider.com (Tom Carter),"Elon Musk shared some painfully awkward small talk with Turkey's president, with Erdogan asking the unmarried billionaire how his wife is",The Tesla CEO shared an awkward moment with Recep Tayyip Erdogan as he brought his son X to a meeting to discuss Tesla and Starlink.,https://www.businessinsider.com/elon-musk-asked-where-is-your-wife-by-turkeys-erdogan-2023-9,https://i.insider.com/65082d62cd637c0019c6bd10?width=1200&format=jpeg,2023-09-18 11:43:38+00:00,"Elon Musk shared an awkward moment with Recep Tayyip Erdogan as he brought his son X to a meeting with the Turkish president.
""Where is your wife?"" asked Erdogan, as the two men exchanged small talk… [+1588 chars]",2023-09-18
