,source_name,author,date,title,description,content
0,Business Insider,ssheth@businessinsider.com (Sonam Sheth),9/12/2023,"Elon Musk learned hypnosis as a child and managed to convince his sister that she was a dog and to eat raw bacon, a new book says","Elon Musk learned magic tricks and hypnosis as a kid and once used it on his little sister, according to a new biography about the SpaceX and Tesla CEO.","When Elon Musk was a kid, he learned hypnosis and convinced his younger sister that she was a dog and persuaded her to eat raw bacon.
That's according to a new biography, ""Elon Musk,"" by the author … [+938 chars]"
1,Fortune,Paige Hagy,9/12/2023,Elon Musk lives life like he’s playing a video game—from ‘demon mode” to gleaning life lessons from ‘Polytopia’,"""Elon Musk,"" a biography that recounts the childhood, career, and personal life of the billionaire, hit shelves on Tuesday.","Elon Musk had just finished playing a video game with Grimes when he made his offer to buy Twitter in April 2022. He and the musician, with whom he has three children, had stayed up until 5 a.m. play… [+4623 chars]"
2,CNN,Paul Glader,9/12/2023,Four takeaways from Walter Isaacson's biography of Elon Musk,"""You'll never be successful,"" Errol Musk in 1989 told his 17-year-old son Elon, who was then preparing to fly from South Africa to Canada to find relatives and a college education.","Youll never be successful, Errol Musk in 1989 told his 17-year-old son Elon, who was then preparing to fly from South Africa to Canada to find relatives and a college education. 
Thats one of the sc… [+8393 chars]"
3,Business Insider,Grace Dean,9/12/2023,"After Elon Musk spoke to Neuralink director Shivon Zilis about his population decline fears, she decided to have children. He suggested being her sperm donor.",Zilis said that choosing to have Musk as a sperm donor was an "easy decision" because she admires him more than anyone else on earth.,"nullChesnot/Getty Images
<ul><li>Elon Musk and Shivon Zilis decided to have children together after he spoke to her about population decline.</li><li>The tech mogul and Zilis, currently a Neuralink … [+3391 chars]"
4,Financial Post,Bloomberg News,9/12/2023,"Tesla gets $80-billion boost from analyst call, but not everyone buys it",Some investors find Tesla Inc.'s $500-billion projection from Morgan Stanley 'outlandish' given its already high valuation. Find out more.,"Some investors find the $500-billion projection from Morgan Stanley 'outlandish' given its already high valuation 
Author of the article:
Tesla cars parked in a lot at the Tesla Inc. factory in Fre… [+7144 chars]"
5,CNN,"Catherine Thorbecke, CNN",9/12/2023,Tesla shares jump after Morgan Stanley predicts Dojo supercomputer could add $500 billion in market value,"Tesla’s Dojo supercomputer could fuel a $500 billion jump in the electric vehicle maker’s market value, analysts at Morgan Stanley said in a note Monday.","Teslas Dojo supercomputer could fuel a $500 billion jump in the electric vehicle makers market value, analysts at Morgan Stanley said in a note Monday.
Shares of Tesla jumped more than 6% during ear… [+1678 chars]"
6,Fortune,Paolo Confino,9/12/2023,One of Elon Musk's favorite video games taught him the 'life lesson' that 'empathy is not an asset.' It's the opposite of what most CEOs preach,Walter Isaacson’s new tome on the world’s richest man reveals his love for “Polytopia” and his credo to "play life like a game.","Elon Musks love of video games is well documented. The night he decided to buy Twitter, the social media platform now known as X, he played video games until 5:30 a.m., his biographer Walter Isaacson… [+9133 chars]"
7,ABC News (AU),Elizabeth Byrne,9/12/2023,Canberra man accused of stealing Nick Kyrgios's Tesla wants case against him to be dropped,Lawyers for the 32-year-old accused of stealing Nick Kyrgios's Tesla say police are taking too long to hand over the full brief of evidence and the case should be abandoned.,"Lawyers for a man accused of stealing a Tesla car owned by tennis star Nick Kyrgios have asked the ACT Magistrates Court to abandon the case, because police have taken too long to produce the full br… [+2002 chars]"
8,Next Big Future,Brian Wang,9/13/2023,Billionaire Insider Ron Baron Reveals Tesla Secrets and Tesla’s Future,"Ron Baron is worth over $5 billion, manages about $45 billion in his stock funds and he and his funds are a top 20 owner in Tesla. He has picked multiple big winners in Tesla, SpaceX, Gartner, Arch and CoStar Group. As a big and early Tesla investor, Ron freq…","Ron Baron is worth over $5 billion, manages about $45 billion in his stock funds and he and his funds are a top 20 owner in Tesla. He has picked multiple big winners in Tesla, SpaceX, Gartner, Arch a… [+2453 chars]"
9,Next Big Future,Brian Wang,9/13/2023,Tesla Semi Crushing Freightliner eCascadia and BYD Semi in Real World Range Tests,The Run on Less Event is testing electric semi trucks with real world deliveries to test their range and payload performance. Tesla is getting up to double the range of many of these competing trucks. Pepsi Tesla semi trucks are getting 370 to 420 miles of ra…,The Run on Less Event is testing electric semi trucks with real world deliveries to test their range and payload performance. Tesla is getting up to double the range of many of these competing trucks… [+1691 chars]
10,BBC News,,9/13/2023,"'Overwhelming consensus' to regulate AI, says Elon Musk",The Tesla CEO was among the top tech leaders meeting with US lawmakers to discuss AI governance,"Top tech leaders, including Elon Musk, Mark Zuckerberg, Sundar Pichai and Bill Gates, met US lawmakers on Wednesday to discuss AI governance.
'This meeting may go down in history as being very impor… [+47 chars]"
11,Next Big Future,Brian Wang,9/13/2023,Making Sense of Tesla Semi Real World Ranges at 400-440 Miles,"There are real world range tests for Tesla Semi, Freightliner eCascadia and other electric Semi trucks at the Run for Less event. Truck average driving speed is critical to the comparison of the real world ranges. People who lived through the 1970s and 1980s …","There are real world range tests for Tesla Semi, Freightliner eCascadia and other electric Semi trucks at the Run for Less event. Truck average driving speed is critical to the comparison of the real… [+2578 chars]"
12,Business Insider,"Pete Syme,Grace Dean",9/13/2023,"During stressful periods at work and in his personal life, Elon Musk would stay awake at night and vomit. He says working so hard has 'taken its toll.'","Elon Musk struggled with stomach issues during challenging periods in his career and relationships, Walter Isaacson wrote.","Elon Musk.Jim Watson/Getty Images
<ul><li>Walter Isaacson's biography ""Elon Musk"" reveals the billionaire's struggles with stress.</li><li>Musk's partners have described him staying up all night and… [+3194 chars]"
13,ABC News,BARBARA ORTUTAY AP technology writer,9/13/2023,US says Elon Musk should not be immune to testifying about the former Twitter,The U.S. government says the former Twitter’s request to end oversight of its data privacy and security practices is “meritless” and owner Elon Musk should not be immune to testifying about the company since he has “first-hand knowledge” of the conduct...,The U.S. government says the former Twitter's request to end oversight of its data privacy and security practices is meritless and owner Elon Musk should not be immune to testifying about the company… [+3634 chars]
14,News.com.au,Lexie Cartwright,9/13/2023,Elon Musk shares photo of Amber Heard,Elon Musk has shared a private photo he took of Amber Heard while they were dating.,"Elon Musk has shared a private photo he took of Amber Heard while they were dating.
The Tesla founder’s controversial new biography Elon Musk, which was released with a flurry of headline-making lin… [+2886 chars]"
15,The Verge,Umar Shakir,9/13/2023,"Tesla unveils Powerwall 3, this time with a built-in solar inverter",Tesla’s Powerwall 3 has a built-in solar inverter for easier home emergency and solar power installs and is coming in 2024.,"Tesla unveils Powerwall 3, this time with a built-in solar inverter
Tesla unveils Powerwall 3, this time with a built-in solar inverter
 / Teslas latest home battery backup solution, Powerwall 3, i… [+2635 chars]"
16,The Verge,Casey Newton,9/13/2023,Nine wild details from the new Elon Musk biography,"Walter Isaacson’s Elon Musk biography brings new tales of Jack Dorsey, that Sergey Brin selfie, Grimes, and Musk’s favorite mobile game.","Nine wild details from the new Elon Musk biography
Nine wild details from the new Elon Musk biography
 / Walter Isaacson brings new tales of Jack Dorsey, that Sergey Brin selfie, and more.
ByCasey… [+10740 chars]"
17,Breitbart News,"Lucas Nolan, Lucas Nolan",9/14/2023,"Elon Musk Admits X/Twitter Has to 'Play Nice' with China to Avoid Tesla Trouble, Sees 'Two Sides' to Uyghur Genocide","Elon Musk, the billionaire CEO of Tesla and SpaceX and most recently the owner of X/Twitter, has recently come under scrutiny for his willingness to accommodate China's policies to safeguard Tesla's business interests based on revelations contained in the rec…","Elon Musk, the billionaire CEO of Tesla and SpaceX and most recently the owner of X/Twitter, has recently come under scrutiny for his willingness to accommodate China’s policies to safeguard Tesla’s … [+3440 chars]"
18,Al Jazeera English,Al Jazeera,9/14/2023,Taiwan claps back at Elon Musk after China comments,Taiwanese Foreign Minister Joseph Wu says Taiwan is 'not for sale' after Musk discusses Beijing's stance on the island.,"Taiwan has clapped back at Elon Musk after the billionaire businessman waded into the delicate issue of the islands relations with China.
Taiwanese Foreign Minister Joseph Wu said that Taiwan was no… [+2157 chars]"
19,Fortune,Orianna Rosa Royle,9/14/2023,Frontier Airlines CEO thinks workers got “lazy” during the pandemic,"It isn’t just Tesla founder Elon Musk that thinks workers (or more specifically, remote workers) are “lazy”, Frontier Airlines chief executive, Barry Biffle, recently weighed in on the debate.","It isnt just Tesla founder Elon Musk that thinks workers (or more specifically, remote workers) are lazyFrontier Airlines chief executive, Barry Biffle, recently weighed in on the debate.We got lazy … [+3937 chars]"
20,Breitbart News,"Alana Mastrangelo, Alana Mastrangelo",9/14/2023,Green Inferno: Tesla Bursts in Flames on Busy Australian Highway,"A Tesla burst into flames on a busy highway on Monday in the Southern Highlands region of Australia, sending firefighters on a difficult mission to battle the blaze. The fire started after the electric vehicle built by Elon Musk's company hit debris that fell…","A Tesla burst into flames on a busy highway on Monday in the Southern Highlands region of Australia, sending firefighters on a difficult mission to battle the blaze. The fire started after the electr… [+2298 chars]"
21,Wired,Will Knight,9/14/2023,Don't Count on Tesla's Dojo Supercomputer to Jump-Start an AI Revolution,Wall Street analysts predicted Tesla’s Dojo supercomputer could unlock a $500 billion ChatGPT-style breakthrough. Don't take it to the bank.,Youd have to be pretty brave to bet against the idea that applying more computing power and data to machine learninga recipe that birthed ChatGPTwont lead to further advances of some kind in artifici… [+3484 chars]
22,Wired,Alex Goy,9/14/2023,"Hyundai Kona Electric 2024 Review: Price, Specs, Release Date","The affordable Kona EV got a massive makeover with speedy charging, a delightfully futuristic design, and plenty of luxury touches.","Hyundais first-generation Kona Electric was something of a darling. It was efficient, looked good, and made electric motoring a little more accessible for those without Tesla money to play with. Now … [+3287 chars]"
23,Business Insider,Kylie Kirschner,9/14/2023,Google cofounder apparently tried to dodge the famous selfie Elon Musk took after the Tesla CEO denied having a one-night stand with his wife,"The new Elon Musk biography reveals that after WSJ reported on allegations that Musk slept with Sergey Brin's wife, Brin ""tried to avoid"" a selfie.","Musk denied having an affair with Shanahan, Brin's wife.Chip Somodevilla/Getty Images, Tim Mosenfelder/Getty Images
<ul>
<li>WSJ published a story last year that cited sources alleging Elon Musk sle… [+2675 chars]"
24,Business Insider,"Beatrice Nolan,Grace Dean",9/14/2023,"Elon Musk and his siblings hated one of their mom's boyfriends so much that they put tiny firecrackers in his cigarettes that exploded, book says","Walter Isaacson's book, ""Elon Musk,"" details the billionaire's childhood and relationship with his parents.","Maye Musk dated the man after she divorced Elon Musk's father Errol Musk, according to Walter Isaacson.ANGELA WEISS/AFP via Getty Images
<ul><li>The Musk siblings hated a man Maye Musk was dating so… [+1844 chars]"
25,CBS News,,9/14/2023,Elon Musk says AI needs "a referee" after Capitol Hill meeting,Among the ideas discussed was whether there should be an independent agency to oversee certain aspects of the rapidly developing technology.,The nation's biggest technology executives on Wednesday loosely endorsed the idea of government regulations for artificial intelligence at an unusual closed-door meeting in the U.S. Senate. But there… [+7701 chars]
26,Business Insider,Zahra Tayeb,9/15/2023,Short-seller Jim Chanos is still betting against Tesla saying the stock is 'ridiculously overvalued' - and champions Nvidia as the 'It girl' of AI,"Famed short-seller Jim Chanos called Tesla a ""hopes and dreams"" stock, while hailing Nvidia as the ""It girl"" of an AI revolution currently underway.","Jim Chanos.David Orrell/CNBC/NBCU Photo Bank/NBCUniversal/Getty Images
<ul>
<li>Famed short-seller Jim Chanos said he remains bearish on Tesla, saying the stock is ""ridiculously overvalued."" </li>
<… [+1532 chars]"
27,News24,Compiled by Ahmed Areff,9/15/2023,"News24 Business | Musk's dad, the emerald mine and 'the blacks' - truth revealed in new biography","A new biography of Elon Musk, the controversial SA-born billionaire, has confirmed the existence of emerald mines in Zambia tied to his father.","<ul><li>A new biography of Elon Musk has confirmed the existence of emerald mines in Zambia tied to his father.</li><li>Musk has previously vehemently denied the existence of the mines, and offered a… [+3316 chars]"
28,Business Insider,"Lloyd Lee,Erin Snodgrass",9/15/2023,Google co-founder Sergey Brin quietly divorced his wife this year after allegations that she had an affair with Elon Musk,A judge rejected Brin's attempt to seal the case over concerns about his high-profile stature.,"Musk denied having an affair with Shanahan, Brin's wife.Chip Somodevilla/Getty Images, Tim Mosenfelder/Getty Images
<ul>
<li>Sergey Brin filed for a divorce from his second wife, Nicole Shanahan, in… [+3237 chars]"
29,NBC News,Courtney Kube,9/15/2023,"Warren, Shaheen and Duckworth want to know if Musk limited Ukraine's Starlink access at a crucial point in war with Russia","Sens. Warren, Shaheen and Duckworth are asking the U.S. military if Elon Musk limited Ukraine’s access to Starlink at a crucial point in the war with Russia.",Three Democratic members of the Senate Armed Services Committee are asking Defense Secretary Lloyd Austin for answers about whether Elon Musk or other commercial satellite providers disabled or restr… [+4814 chars]
30,Wired,Steven Levy,9/15/2023,"If Elon Musk Had Been a Happy Child, Would He Still Be Launching Rockets?","“Biographer of Genius” Walter Isaacson thinks he cracked the code to Elon Musk—the entrepreneur’s brutal childhood fueled his frenzied achievements in space, AI, brain chips, and electric cars.","I meet with Walter Isaacson in a small conference room in the offices of book publisher Simon &amp; Schuster. The walls are festooned with framed covers, including of course Isaacsons mega-bestseller… [+6988 chars]"
31,BBC News,https://www.facebook.com/bbcnews,9/15/2023,Taiwan tells Elon Musk it is 'not for sale',Mr Musk draws anger from Taipei again for his comments saying the island belongs to China.,"Taiwan has told billionaire Elon Musk it is ""not for sale"" after he said the island was a part of China.
""Listen up, Taiwan is not part of the PRC [People's Republic of China] &amp; certainly not fo… [+2145 chars]"
32,Business Insider,Tim Levin,9/15/2023,"I compared Tesla rivals from Kia, Hyundai, and Genesis — and found the decision boils down to if you prefer style, luxury, or performance",Hyundai is making some of the best electric cars out there -- and has one of the best Tesla alternatives I've come across yet.,"The Kia EV6 GT, Genesis GV60, and Hyundai Ioniq 5 are three cool electric SUVs.Tim Levin/Insider
<ul>
<li>Hyundai and its Kia and Genesis brands are making some of the best electric cars today. </li… [+6364 chars]"
33,Mashable,Former Employees,9/15/2023,Elon Musk Headed For A Settlement In Lawsuit By Former Employees Accusing Twitter Of Cheating On Severance Pay,Elon Musk Headed For A Settlement In Lawsuit By Former Employees Accusing Twitter Of Cheating On Severance Paymashable.com,"Elon Musk is finally coming to terms with the lawsuit filed by thousands of former Twitter employees who alleged the firm cheated them out of severance. Formerly known as Twitter, X Corp. has now agr… [+2226 chars]"
34,Fortune,Alexa Mikhail,9/16/2023,"Elon Musk thrives in a state of chaos and war, according to his new biography. Is the world's richest man addicted to risk-taking?",One theory behind billionaire entrepreneur Elon Musk’s risk-taking behaviors.,"To say Elon Musks businesses have been doing well would be a massive understatement. This spring, Tesla had grown by 71% compared to the previous year and was valued at $1 trillion. And SpaceX, value… [+3586 chars]"
35,Next Big Future,Brian Wang,9/16/2023,Tesla FSD and AI Will Drive Share Price Like Amazon AWS,"Morgan Stanley raised their target on Tesla on Sunday to $400 and this caused Tesla shares to surge about 10% on Monday. I, Brian Wang of Nextbigfuture, talked Herbert Ong about how I see FSD Income growth unfolding over the next few years. This is a follow u…","Morgan Stanley raised their target on Tesla on Sunday to $400 and this caused Tesla shares to surge about 10% on Monday. I, Brian Wang of Nextbigfuture, talked Herbert Ong about how I see FSD Income … [+4492 chars]"
36,The Washington Post,Evan Halper,9/18/2023,Tesla and EV supply chains raise concerns about forced labor in China,"Companies with ties to China’s oppressive tactics in Xinjiang are becoming embedded in the EV supply chain, worrying experts who say the industry is at an inflection point on human rights.","Reporter Evan Halper spent months mapping the opaque China-based supply chains behind the production of millions of electric vehicles. With the help of researchers, he pieced together hundreds of fin… [+29891 chars]"
37,Hacker News,,9/18/2023,Y Combinator Podcast #4: Sam Altman Interviews Elon Musk,"Elon is the CEO of SpaceX and Tesla Motors.

Originally a cofounder of Paypal, Elon Musk founded SpaceX to enable the
colonization of Mars.


--------------------------------------------------------------------------------








----------------------------…","Elon is the CEO of SpaceX and Tesla Motors.
Originally a cofounder of Paypal, Elon Musk founded SpaceX to enable the colonization of Mars.
Subscribe
iTunesGoogle PlayStitcherRSS
Transcript
Craig… [+20035 chars]"
38,The Washington Post,Will Oremus,9/18/2023,"Netanyahu, Musk meet at Tesla factory to discuss AI",Tech magnate Elon Musk and Israeli Prime Minister Benjamin Netanyahu are meeting in California to discuss AI as each looks to the other to fend off criticism.,"Comment on this story
Comment
Tech magnate Elon Musk and Israeli Prime Minister Benjamin Netanyahu are meeting at Teslas factory in Fremont, Calif., on Monday in a session each hopes will help fend… [+1806 chars]"
39,Next Big Future,Brian Wang,9/18/2023,Twitter Space on the Next Great Power,"I, Brian Wang, will be talking with Warren Redlich and @Anything Tesla about the Next Great Power. China vs USA vs India. I will be making a case for ASEAN and Canada. We will discuss demographics, immigration-emigration and people, money and technology. I wo…","I, Brian Wang, will be talking with Warren Redlich and @Anything Tesla about the Next Great Power. China vs USA vs India.
I will be making a case for ASEAN and Canada. We will discuss demographics, … [+1989 chars]"
40,Business Insider,tcarter@insider.com (Tom Carter),9/18/2023,"Elon Musk shared some painfully awkward small talk with Turkey's president, with Erdogan asking the unmarried billionaire how his wife is",The Tesla CEO shared an awkward moment with Recep Tayyip Erdogan as he brought his son X to a meeting to discuss Tesla and Starlink.,"Elon Musk shared an awkward moment with Recep Tayyip Erdogan as he brought his son X to a meeting with the Turkish president.
""Where is your wife?"" asked Erdogan, as the two men exchanged small talk… [+1588 chars]"
41,The Hill,Sarah Fortinsky,9/18/2023,"Musk, Erdogan discuss Tesla plant in Turkey","Tech billionaire Elon Musk and Turkish President Recep Tayyip Erdogan discussed the prospect of building Tesla’s newest factory in Turkey, at a meeting...","Tech billionaire Elon Musk and Turkish President Recep Tayyip Erdoan discussed the prospect of building Teslas newest factory in Turkey, at a meeting Monday in New York.
Erdoan, who is in New York f… [+1377 chars]"
42,Fortune,"Selcan Hacaoglu, Bloomberg",9/18/2023,"Musk took his son to meet Turkish President Erdogan, who asked him to build a Tesla plant in Turkey","Erdogan has been encouraging development of a self-sufficient defense industry, including production of unmanned combat aircraft, to support Turkey’s military in a region mired in conflict.","Elon Musk visited Turkish President Recep Tayyip Erdogan in New York, spending about a 45 minutes discussing artificial intelligence and a potential Tesla factory.According to Erdogans office, he inv… [+1644 chars]"
43,Al Jazeera English,Al Jazeera,9/18/2023,Netanyahu talks to Elon Musk in California about anti-Semitism on X,Netanyahu’s high-profile visit comes at a time when Musk is facing accusations of tolerating anti-Semitism on X.,"Prime Minister Benjamin Netanyahu is starting a US trip in California to talk about technology and artificial intelligence with billionaire businessman Elon Musk.
The Israeli leader posted Monday on… [+4420 chars]"
44,Fortune,"Marissa Newman, Bloomberg",9/18/2023,"Despite a war against the ADL and hate on his social media service, Elon Musk tells Benjamin Netanyahu he's no antisemite",Israel's prime minister said hoped Musk would find it “within the confines of the First Amendment to limit antisemitism and hate.”,Elon Musk opened up a discussion with Israeli Prime Minister Benjamin Netanyahu by staunchly defending himself against accusations of antisemitism.Obviously Im against antisemitism. Im against anti-a… [+3795 chars]
45,ABC News,The Associated Press,9/18/2023,Turkey's President Erdogan and Elon Musk discuss establishing a Tesla car factory in Turkey,"Turkish President Recep Tayyip Erdogan has called on Elon Musk, the head of electric carmaker Tesla, to establish a factory in Turkey","ISTANBUL -- Turkish President Recep Tayyip Erdogan called on Elon Musk, the head of electric carmaker Tesla, to establish a factory in Turkey during a meeting in New York, Erdogans office said Monday… [+792 chars]"
46,Fortune,The Associated Press,9/18/2023,Elon Musk accuses George Soros of wanting 'destruction of western civilization' a day before meeting Netanyahu over antisemitism on X,"A day before discussing antisemitism on X, Musk said Soros’ organization “appears to want nothing less than the destruction of western civilization.”",Israeli Prime Minister Benjamin Netanyahu kicked off a U.S. trip in California to talk to billionaire businessman Elon Musk about antisemitism on his social media platform X while Musk asked him to a… [+5616 chars]
47,The Jerusalem Post,By REUTERS,9/18/2023,"Turkey wants a Tesla factory, Erdogan tells Elon Musk","Many Turkish suppliers are already working with Tesla and Turkey was among the most important candidates for its next factory, Musk replied.","Turkish President Tayyip Erdogan asked Tesla CEO Elon Musk to build a Tesla factory in Turkey, the country's communications directorate said on Monday.
It cited Musk as saying that many Turkish supp… [+1676 chars]"
48,The Jerusalem Post,By JERUSALEM POST STAFF,9/18/2023,"Tesla, Saudi Arabia in early talks for EV factory",Saudi Arabia is in early talks with US electric automaker Tesla to set up a manufacturing facility in the king,"Saudi Arabia is in early talks with US electric automaker Tesla to set up a manufacturing facility in the kingdom, the Wall Street Journal reported on Monday, citing sources familiar with the matter."
49,The Jerusalem Post,By DANIEL GOLDMAN,9/18/2023,"Will Netanyahu, Musk talk AI, innovation or X antisemitism? - opinion","Will Benjamin Netanyahu and Elon Musk discuss AI, electric vehicles, and innovation, or allegations that under Musk, X has become an incubator for antisemitism?","Israeli Prime Minister Benjamin Netanyahu is visiting the United States this week. During the visit he is scheduled to meet with Elon Musk.
Musk is one of the richest people on the planet. His net w… [+8450 chars]"
50,BBC News,https://www.facebook.com/bbcnews,9/19/2023,Elon Musk: Social media platform X could go behind paywall,"The billionaire suggested the social media platform, now called X, could charge for use of ""the system"".","Elon Musk has suggested that all users of X, formerly called Twitter, may have to pay for access to the platform.
In a conversation with Israeli Prime Minister Benjamin Netanyahu, the billionaire sa… [+2738 chars]"
51,The Irish Times,Dan Milmo,9/19/2023,"Elon Musk says X, formerly Twitter, moving to charging ‘small monthly payment’ for site","World’s richest person, who has history of making impromptu statements, says paywall for platform would ward off automated accounts","X, formerly Twitter, owner Elon Musk has said he's looking at introducing a monthly payment for all users of the site to combat bots. Elon Musk has indicated that X, formerly known as Twitter, is con… [+2353 chars]"
52,Next Big Future,Brian Wang,9/19/2023,Comparing Tesla Semi Versus Diesel Semis With Real World Data,There is now real world driving data on the Tesla Semi and other electric Semi trucks from the Runonless testing event. The World has a global fleet of about 30 million Semi trucks and about 3 million are purchased every year. 70% of the large and Semi trucks…,There is now real world driving data on the Tesla Semi and other electric Semi trucks from the Runonless testing event. The World has a global fleet of about 30 million Semi trucks and about 3 millio… [+7282 chars]
53,Business Insider,Sawdah Bhaimiya,9/19/2023,The boss of the United Auto Workers union said Tesla workers are 'scraping to get by' so that 'greedy people like Elon Musk can build more rocket ships',Thew United Auto Worker's union boss defended worker demands for higher pay saying companies could double wages and "still make billions in profits.","UAW President Shawn Fain marches with UAW members through downtown Detroit on September 15, 2023.Bill Pugliano/Getty
<ul><li>The United Auto Workers president Shawn Fain defended worker demands for … [+2765 chars]"
54,TechCrunch,Amanda Silberling,9/19/2023,"Elon Musk’s Twitter (now X): Everything you need to know, from layoffs to verification","Welcome to Elon Musk’s Twitter (now X), where the rules are made up and the check marks don’t matter. The Tesla and SpaceX CEO first announced his bid to buy Twitter in April 2022, zealously driven to rid the platform of spam bots and protect free speech. “Th…","Welcome to Elon Musks Twitter (now X), where the rules are made up and the check marks dont matter.
The Tesla and SpaceX CEO first announced his bid to buy Twitter in April 2022, zealously driven to… [+55937 chars]"
55,Breitbart News,"Lucas Nolan, Lucas Nolan",9/19/2023,Pay Up or Go: Elon Musk Hints at 'Small Monthly Payment' to Access Twitter/X,"In a recent livestream with Israeli Prime Minister Benjamin Netanyahu, Elon Musk discussed plans to introduce a monthly subscription fee for all users of X, formerly known as Twitter, as part of a strategy to combat the platform's ""vast armies of bots.""","In a recent livestream with Israeli Prime Minister Benjamin Netanyahu, Elon Musk discussed plans to introduce a monthly subscription fee for all users of X, formerly known as Twitter, as part of a st… [+2256 chars]"
56,Financial Post,Financial Post Staff,9/19/2023,Live news: Unifor extends auto strike deadline after 'substantive offer' from Ford,"The Financial Post brings you the top business stories as they happen for September 19, 2023. Read on for breaking news you need to know.","Article content
Elon Musk in Washington, D.C., on Sept. 13.Photo by Chip Somodevilla/Getty Images
Elon Musk said that a small monthly service fee for using X could help fight off bot operations on … [+4172 chars]"
57,Fortune,Christiaan Hetzner,9/19/2023,Musk wants to charge everyone to use Twitter to counter 'bots’,"Bots are actually advertisers' problems, but Musk needs to get account details from all his users if he wants to create an 'everything app' that rivals WeChat.","Right after he offered to buy Twitter for $44 billion last April, Elon Musk tweeted triumphantly we will defeat the spam bots or die trying!Almost a year into owning what he has renamed X, Musk by hi… [+3986 chars]"
58,News24,news24,9/19/2023,News24 | Israeli PM Netanyahu urges Musk to curb anti-Semitism on X platform,Israel's Prime Minister Benjamin Netanyahu on Monday urged Elon Musk to fight anti-Semitism on his X platform as he sat down with the tech tycoon to discuss artificial intelligence.,<ul><li>The conversation between Benjamin Netanyahu and Elon Musk was broadcast on the X platform.</li><li>Musk has threatened to sue a US based Jewish organisation for making accusations of anti-Sem… [+2802 chars]
59,TechCrunch,Rebecca Bellan,9/19/2023,DOJ investigates Elon Musk perks at Tesla | TechCrunch,The U.S. Department of Justice is investigating the personal benefits that Tesla may have provided its CEO Elon Musk since 2017 as part of a criminal,The U.S. Department of Justice is investigating the personal benefits that Tesla may have provided its CEO Elon Musk since 2017 as part of a criminal probe that is also looking into the use of compan… [+2094 chars]
60,The Jerusalem Post,By ZACHY HENNESSEY,9/19/2023,Israeli tech leaders critique Netanyahu-Musk meeting: AI integration falls short,Prominent venture capitalist Michael Eisenberg: "The CEOs of technology companies are stronger today than world leaders. They are a center of power.","Two prominent investors and opinion leaders in the Israeli tech sphere criticized the content of Prime Minister Benjamin Netanyahu’s with Tesla CEO Elon Musk on Monday. 
Prominent venture capitalist… [+3587 chars]"
61,The Jerusalem Post,By IMRAN AHMED,9/19/2023,"Elon Musk's embrace of antisemitism, hate speech is a danger to Jews - opinion","Elon Musk's actions since taking the helm of X have additionally made it easier for extremists and neo-Nazis to publish and spread the anti-Jewish hatred, lies, and conspiracy theories.",New research published last week by the Center for Countering Digital Hate (CCDH) shows that X (formerly Twitter) continues to host nearly 86% of the 300 posts we reported for hate speech which inclu… [+5150 chars]
62,The Jerusalem Post,By ZVIKA KLEIN,9/19/2023,WZO leaders clash over Netanyahu-Musk meeting,Discussions in the WZO about Prime Minister Benjamin Netanyahu's meeting with Elon Musk started Monday and continued Tuesday.,"The Monday conversation between Israeli Prime Minister Benjamin Netanyahu and Tesla CEO Elon Musk, aimed at addressing concerns about antisemitism, has ignited a lively debate among senior officials … [+3827 chars]"
63,TechCrunch,Aria Alamalhodaei,9/20/2023,"J.B. Straubel talks Tesla, Redwood Materials and keeping a startup mentality at any scale | TechCrunch","J.B. Straubel has worn many hats in his career: co-founder of Tesla, Tesla Board Member, and more recently, founder and CEO of battery materials and","J.B. Straubel has worn many hats in his career: co-founder of Tesla, Tesla Board Member, and more recently, founder and CEO of battery materials and recycling startup Redwood Materials.
But in his h… [+3554 chars]"
64,Business Insider,Tim Levin,9/20/2023,A Tesla sedan drag raced a $4 million Bugatti — the results were surprisingly close,"The $110,000 Tesla Model S Plaid did surprisingly well against the multimillion-dollar Bugatti supercar.","Both the Tesla and the Bugatti offer massive amounts of horsepower and speed — but one is gas-powered and one is electric. Bugatti, Tesla
<ul><li>A Tesla Model S drag raced a Bugatti Chiron. </li><l… [+2290 chars]"
65,Business Insider,Hasan Chowdhury,9/20/2023,Elon Musk denied a report that Tesla planned to build a factory in Saudi Arabia. It's the latest development in his complicated history with the nation.,Tesla CEO Elon Musk has a thorny and sometimes adversarial relationship with the Saudi government. Here's what we know.,"Elon Musk has a longstanding feud with Saudi Arabia. Chesnot/Getty Images
<ul><li>Elon Musk has denied a report suggesting Tesla has plans to set up a factory in Saudi Arabia.</li><li>The Wall Stree… [+6664 chars]"
66,Newsweek,Sophie Lloyd,9/21/2023,Kathy Griffin Explains Elon Musk Feud—'He Got Very Upset With Me',The comedian said the SpaceX founder kicked her off Twitter "personally" due to the stunt.,"Kathy Griffin has revealed the reason for her feud with Elon Musk, after the tech mogul kicked the comedian off Twitter last year.
Appearing on the podcast Onward with Rosie O'Donnell, the 62-year-o… [+3905 chars]"
67,The Times of India,New York Times,9/21/2023,"For Tesla and Musk, auto strike carries benefits and risks","Unencumbered by an activist union, Tesla can take advantage of the work stoppages to add to its substantial lead in battery technology and software. As the three established automakers face increases in labor costs and struggle to master electric vehicles, Te…","The United Auto Workers strike against the Michigan automakers would seem to be nothing but good news for Tesla, the electric vehicle maker that has upended the industry and stolen customers from For… [+8796 chars]"
68,Next Big Future,Brian Wang,9/22/2023,Pepsi Tesla Semi Trucks Drives 480 Miles on 100% Charge,"On Day 10 of the Runonless real world tests, the truck 1 Pepsi Tesla Semi drove 841 miles with one 96% recharge during the day. It drove at about 60 mph and got 841 miles from 175% charge. On Day 11, the truck 1 was driven for 853 miles and the other each for…",Brian Wang is a Futurist Thought Leader and a popular Science blogger with 1 million readers per month. His blog Nextbigfuture.com is ranked #1 Science News Blog. It covers many disruptive technology… [+593 chars]
69,Fortune,Will Daniel,9/22/2023,Benjamin Netanyahu fears AI could ‘cannibalize’ more jobs than it creates. ‘This is like having nuclear technology in the Stone Age’,"The pace of AI development “is outpacing what solutions we need to put in place to maximize the benefits and limit the risks,” the Israeli Prime Minister warned.","Israeli Prime Minister Benjamin Netanyahu sat down with Tesla CEO Elon Musk, MIT professor Max Tegmark, and OpenAI president Greg Brockman on Sunday for a round-table discussion about artificial inte… [+4019 chars]"
70,Next Big Future,Brian Wang,9/24/2023,New Teslabot Capabilities. All Neural Net Training and Great Balance. Mass Production Near,"Tesla has released new video of the Optimus Teslabot. They are showing vastly improved balance and hand control. The critical thing is like the FSD (full self driving ) for cars, all of the training is all neural nets and video in and capabilities out. Tesla …",Brian Wang is a Futurist Thought Leader and a popular Science blogger with 1 million readers per month. His blog Nextbigfuture.com is ranked #1 Science News Blog. It covers many disruptive technology… [+593 chars]
71,Next Big Future,Brian Wang,9/24/2023,"Oracle is Focused on Generative AI, a New Supercomputer and a Cybertruck Police Car","Oracle CEO Larry Ellison described using Oracle using Tesla Cybertruck as a next-generation police car. He says it will be very safe, very fast and it already has all of the cameras and screens that Oracle’s software needs. The details will be disclosed when …","Oracle CEO Larry Ellison described using Oracle using Tesla Cybertruck as a next-generation police car. He says it will be very safe, very fast and it already has all of the cameras and screens that … [+1681 chars]"
72,Fortune,Nicholas Gordon,9/25/2023,AOC is 'looking into trading in' the Tesla she's had for years because of the UAW strike. It shows the Biden/EV dilemma,"Alexandria Ocasio-Cortez wants a union-made EV, but the UAW strike and the Biden EV push can't disguise the fact that those aren't plentiful.","Representative Alexandria Ocasio-Cortez (D-N.Y.) may be Elon Musks congressional nemesis, but it sounds like shes finally be done with her own yearslong attachment to a Tesla electric vehicle.The con… [+4633 chars]"
73,CBS News,Kerry Breen,9/26/2023,"Jewish leaders criticize Elon Musk for antisemitism on X, formerly Twitter","A group of rabbis, academics and activists said the behavior of owner Elon Musk has allowed ""a new stage in antisemitic discourse"" to ""spread like wildfire"" on the social media site.","A group of 100 Jewish leaders, including some prominent rabbis and academics, released a public letter criticizing X, the social media platform formerly known as Twitter, and its owner Elon Musk for … [+4143 chars]"
74,Fox News,Lindsay Kornick,9/26/2023,"One year later, AOC continues to suggest that she will trade in her non-union made Tesla","Rep. Alexandria Ocasio-Cortez, D-N.Y., originally claimed she would trade in her Tesla back in May 2022 over her online feud with Elon Musk and his politics.","Rep. Alexandria Ocasio-Cortez, D-N.Y. has still not traded in her non-union made Tesla after suggesting over a year ago she would trade in the vehicle. 
On CBS ""Face the Nation"" Sunday, Ocasio-Corte… [+3668 chars]"
75,Fox News,Adam Shaw,9/26/2023,Elon Musk to visit southern border in Texas as migrant numbers hit new records,"Tesla founder Elon Musk said on Tuesday that he intends to Eagle Pass, Texas, which has been the epicenter of the recent surge in migrant numbers at the southern border.","Tech billionaire Elon Musk said on Tuesday he will visit the southern border in Eagle Pass, Texas, in the coming days as the ongoing migrant crisis is escalating and seeing new record numbers.
Musk,… [+2897 chars]"
76,ABC News (AU),Jasmine Hines,9/26/2023,Tesla battery on fire at major Queensland renewable energy storage site,"Firefighting crews worked through the night to contain the battery blaze, with Tesla to investigate the cause of the fire.","A Tesla battery continues to burn at one of Queenslands first large-scale battery storage sites after it caught fire last night.
Police were called to the incident in Childs Avenue in Bouldercombe, … [+1060 chars]"
77,IGN,Ryan Dinsdale,9/26/2023,"Elon Musk Was Never in Cyberpunk 2077, CD Projekt Dev Says, Despite Him Demanding a Cameo","Elon Musk was never in Cyberpunk 2077 according to one CD Projekt Red developer, despite the Tesla and X boss demanding a cameo.","Elon Musk was never in Cyberpunk 2077 according to one CD Projekt Red developer, despite the Tesla and X boss demanding a cameo.
Cyberpunk 2077 senior quest designer Patrick K. Mills said the widely… [+2053 chars]"
78,Business Insider,Joseph Wilkins,9/27/2023,Elon Musk says the UAW's strike demands will drive America's big 3 automakers 'bankrupt',"Workers at Ford, General Motors, and Chrysler owner Stellantis began the first simultaneous walkout on September 15 in a row over wages and working hours.","Elon Musk is CEO of Tesla.Getty Images
<ul>
<li>Elon Musk hit out at the United Auto Workers in a post on X on Tuesday. </li>
<li>The Tesla CEO said the union's demands would ""drive GM, Ford and Chr… [+1978 chars]"
79,Business Insider,Jennifer Sor,9/27/2023,Tesla's stock price target gets cut by Deutsche Bank as the EV maker faces 'considerable downside risk' to 2024 earnings,"The bank trimmed its 2024 production outlook for Tesla to 2.1 million units next year, down from the consensus expectation of 2.3 million units.","BI
<ul>
<li>Deutsche Bank cut its 12-month Tesla's stock price target on Wednesday.</li>
<li>The bank's analysts warned that the EV maker faces headwinds to earnings growth in 2024. </li>
<li>The ba… [+2318 chars]"
80,Breitbart News,"Lucas Nolan, Lucas Nolan",9/27/2023,Elon Musk Considered Building a Tesla Factory in Dallas but Decided City Is 'Too Texas',"Elon Musk contemplated various cities including Dallas to be the site of a new Tesla factory before eventually settling on Austin. Musk reportedly deemed Dallas to be ""too Texas,"" according to Walter Isaacson’s new biography.","Elon Musk contemplated various cities including Dallas to be the site of a new Tesla factory before eventually settling on Austin. Musk reportedly deemed Dallas to be “too Texas,” according to Walter… [+2126 chars]"
81,Business Insider,Grace Kay,9/27/2023,We asked Elon Musk's dad what he thought about the new book out on his son. He had a lot to say.,Errol Musk is mentioned over 120 times in the new Elon Musk biography — often in a negative light.,"Errol Musk (left) said he doesn't plan to read the biography on his son, Elon Musk (right), that was written by Walter Isaacson (center).GIANLUIGI GUERCIA/AFP via Getty Images, SXSW/Chesnot/Getty Ima… [+6055 chars]"
82,The Irish Times,Neil Briscoe,9/27/2023,Are electric cars a bigger fire hazard?,"EV fires can be catastrophic, but they’re far less common than you’d think","The images were as dramatic as they were scary. A Tesla Model S, painted in the high-visibility shade of yellow we associate with crash testing, was remotely launched up, over, and off a large ramp, … [+10193 chars]"
83,Fortune,Christiaan Hetzner,9/28/2023,Linda Yaccarino slams the notion she’s just Musk's puppet CEO,"Speaking at Code Conference, Linda Yaccarino sought to portray their collaboration as a mutual division of labor.","When it comes to running her company, its hard to shake the notion that X chief executive Linda Yaccarino is riding shotgun to Elon Musk. The demanding entrepreneur poached the ad sales expert from N… [+3859 chars]"
84,The Jerusalem Post,By REUTERS,9/28/2023,Tesla sued by US agency over alleged harassment of Black factory workers,"Tesla has failed to investigate complaints of racist conduct and has fired or otherwise retaliated against workers who report harassment, the EEOC said in the lawsuit.","A US civil rights agency sued Tesla Inc on Thursday, claiming the electric carmaker has tolerated severe harassment of Black employees at its flagship Fremont, California, assembly plant.
The US Equ… [+973 chars]"
85,CBS News,Khristopher J. Brooks,9/28/2023,Tesla sued by EEOC for allegedly racist and hostile work environment,"Black workers were called ""boy"" and ""monkey,"" a U.S. Equal Employment Opportunity Commission lawsuit claims.","White employees at Tesla have hurled racist slurs at Black co-workers inside the automaker's factory in Fremont, California, for at least eight years and the company has refused to stamp out the beha… [+2384 chars]"
86,Newsweek,Jake Lingeman,9/28/2023,"Tesla Will Be an Auto All-star in 2050, GM Designer Predicts",Designer Ed Welburn and concours judge Nigel Matthews debate about what cars from today will still be beautiful in 30 years.,"Vehicles at concours d'elegance are judged on style, condition, presentation, backstory and how closely they are prepared to the original specification. Many winning names at shows like Pebble Beach … [+8087 chars]"
87,The Washington Post,Trisha Thadani,9/28/2023,Tesla to face jury in first of several cases over Autopilot crashes,The trial over a fatal crash is the first in a string of cases involving Autopilot that will be litigated around the country in the coming months.,"Comment on this story
Comment
An earlier version of this article misidentified Lindsay Molander as the wife of Micah Lee, who died while allegedly using Autopilot features in his Tesla. Molander wa… [+9432 chars]"
88,Business Insider,Tom Carter,9/29/2023,Elon Musk describes himself as 'aspirationally Jewish' as he pushes back on reports that X is spreading antisemitism,X owner Elon Musk said his entire life was "pro-semitic" in a recent conversation with conservative commentator Ben Shapiro.,"Elon Musk comments came after he threatened to sue the ADL, saying it had accused him of antisemitism.Nathan Howard/Getty Images
<ul><li>Elon Musk said that he can't be antisemitic as he's ""aspirati… [+2547 chars]"
89,NBC News,Reuters,9/29/2023,Elon Musk wades into U.S. immigration debate at Texas-Mexico border,"Billionaire Elon Musk waded into the U.S. immigration debate on Thursday, paying a visit to the Texas border with Mexico to meet with local politicians and law enforcement and obtain what he called an “unfiltered” view of the situation.","EAGLE PASS, Texas Billionaire Elon Musk waded into the U.S. immigration debate on Thursday, paying a visit to the Texas border with Mexico to meet with local politicians and law enforcement and obtai… [+2585 chars]"
90,Fox News,Greg Wehner,9/29/2023,Elon Musk livestreams border to give people firsthand account of migrant crisis,"Tech billionaire Elon Musk visited the southern border in Eagle Pass, Texas, on Thursday to get a sense of the real situation with the ongoing migrant crisis.","Tech billionaire Elon Musk visited the southern border in Eagle Pass, Texas, on Thursday with plans to livestream a tour of the area to give people a sense of the real situation with the ongoing migr… [+2243 chars]"
91,Ars Technica,Jon Brodkin,9/29/2023,"US agency sues Tesla as Black workers report “swastikas, threats, and nooses”","“I saw KKK epithets, a swastika, and the N-word,"" Black worker says.","Enlarge/ Cars parked at the Tesla factory in Fremont, California, on February 10, 2022.
2 with 
The US Equal Employment Opportunity Commission (EEOC) sued Tesla yesterday, alleging that the electri… [+3605 chars]"
92,Business Insider,Charles R. Davis,9/29/2023,Elon Musk attacked German support for migrants and promoted a call to support a far-right extremist political party,"Elon Musk appears unhappy that the German government provided a little more than $2 million to groups that aid migrants, include one that conducts search-and-rescue operations.","Elon Musk.Chesnot via Getty Images
<ul><li>Germany has responded to an attack from Elon Musk, saying it's ""saving lives"" by helping migrants.</li><li>The billionaire had promoted the claim that Germ… [+5332 chars]"
93,The Times of India,ET Online,9/29/2023,Elon Musk livestreams from US-Mexico border to give people firsthand account of migrant crisis,Billionaire Elon Musk visited the Texas border with Mexico to witness the migrant crisis firsthand. He live-streamed his tour on his platform and expressed his support for an expanded legal immigration system while also advocating for stopping the flow of ill…,"Amidst the ongoing migrant crisis in the US, billionaire Elon Musk visited the Texas border with Mexico and live-streamed his tour of the area to give people a sense of the real situation of the migr… [+2852 chars]"
94,The Irish Times,Taylor Nicole Rogers,9/29/2023,"Tesla’s black workers faced widespread racism, US agency alleges",Lawsuit says employees at Fremont assembly plant endured ‘severe or pervasive’ harassment since 2015,"Elon Musks electric-car maker Tesla on Thursday was sued by a US civil rights agency, which accused the company of tolerating open hostility and racism directed at black employees.
The Equal Employm… [+2353 chars]"
95,The Times of India,IANS,9/29/2023,Tesla sued for racial bigotry against black workers in US,"""Every employee deserves to have their civil rights respected, and no worker should endure the kind of shameful racial bigotry our investigation revealed,"" said EEOC Chair Charlotte A. Burrows. The lawsuit makes clear that no company is above the law, and the…",Tesla has been sued by the US Equal Employment Opportunity Commission (EEOC) for allegedly violating federal law by tolerating widespread and ongoing racial harassment of its Black employees and by s… [+1807 chars]
96,The Washington Post,Anumita Kaur,9/29/2023,"Tesla sued by federal gov for racial harassment, racist graffiti, slurs",The Equal Employment Opportunity Commission has alleged that Elon Musk’s electric vehicle company allowed racial harassment to run rampant in its workplace.,"Comment on this story
Comment
Elon Musks electric vehicle company Tesla allowed racial harassment of its Black employees to run rampant at its Fremont, Calif., plant and retaliated against some wor… [+3346 chars]"
97,Next Big Future,Brian Wang,9/30/2023,2024 The Year of Mass Produced Humanoid Robots,The Tesla Teslabot and the Agility Robotics Digit will both be mass produced in the thousands in 2024. Agility Robotics announced a factory they had started last year would be completed and in production late in 2023. Mass production takes a few months to ram…,The Tesla Teslabot and the Agility Robotics Digit will both be mass produced in the thousands in 2024. Agility Robotics announced a factory they had started last year would be completed and in produc… [+2866 chars]
98,News24,fin24,9/30/2023,News24 Business | Tesla sued by US agency over alleged harassment of black factory workers,"A US civil rights agency sued Tesla Inc on Thursday, claiming the electric carmaker has tolerated severe harassment of Black employees at its flagship Fremont, California, assembly plant, in charges similar to cases brought by the state.","A US civil rights agency sued Tesla Inc on Thursday, claiming the electric carmaker has tolerated severe harassment of Black employees at its flagship Fremont, California, assembly plant, in charges … [+3573 chars]"
99,Fortune,Bloomberg,10/1/2023,Tesla faces such fierce competition in China that it's offering a revamped Model Y with no price increase,Elon Musk's electric-vehicle maker faces escalating price pressure from domestic rivals like BYD Co.,"Tesla Inc. released an updated version of the Model Y in China, with improved configurations and the same starting price, in a push to better compete with local rivals.Among the changes is a slightly… [+840 chars]"
100,Business Insider,"tlevin@insider.com (Tim Levin,Nora Naughton)",10/1/2023,UAW strike chaos isn't all good news for Tesla,"A big contract win for the United Auto Workers could give the union the credibility it needs to organize at Tesla and other automakers, experts said.","As disgruntled workers revolt at General Motors, Ford, and Stellantis, it's business as usual at Elon Musk's Tesla. At least for now.
In some ways, the auto worker's strike is a boon for the non-uni… [+3895 chars]"
101,The Verge,Elizabeth Lopatto,10/1/2023,How the Elon Musk biography exposes Walter Isaacson,Walter Isaacson’s Elon Musk is a strangely incurious book. Its shallow reporting and bizarre skew left me with more questions than I had before I read it.,"How the Elon Musk biography exposes Walter Isaacson
How the Elon Musk biography exposes Walter Isaacson
 / One way to keep Musks myth intact is simply not to check things out.
ByElizabeth Lopatto,… [+19285 chars]"
102,The Verge,Wes Davis,10/1/2023,Tesla rolls out an updated Model Y in China but keeps the same starting price,"A new Tesla Model Y in China gets better acceleration, new wheels, ambient LED lighting for the dashboard, and a long-range option.","Tesla rolls out an updated Model Y in China but keeps the same starting price
Tesla rolls out an updated Model Y in China but keeps the same starting price
 / The Model Y for China gets new LED das… [+1165 chars]"
103,ABC News,The Associated Press,10/2/2023,Elon Musk facing defamation lawsuit in Texas over posts that falsely identified man in protest,A California man who says he was harassed after Elon Musk amplified social media posts that made false claims about him is suing the billionaire,"AUSTIN, Texas -- A California man who says he was harassed after Elon Musk amplified posts on his social media platform X, formerly known as Twitter, that falsely placed the man at a confrontation in… [+1814 chars]"
104,The Verge,Jon Porter,10/2/2023,Tesla missed its Q3 target for the Cybertruck delivery event,Tesla didn’t end up holding a delivery event for its Cybertruck in the third quarter of 2023 as CEO Elon Musk was targeting.,"Tesla missed its Q3 target for the Cybertruck delivery event
Tesla missed its Q3 target for the Cybertruck delivery event
 / The quarter came and went without an official date for the event being a… [+2129 chars]"
105,Mashable,James Paul,10/2/2023,Richest Billionaire Elon Musk Says He’s Not That Cash-Rich As Projected: ‘It’s Not A Giant Pile Of Cash’,Richest Billionaire Elon Musk Says He’s Not That Cash-Rich As Projected: ‘It’s Not A Giant Pile Of Cash’mashable.com,"The worlds richest billionaire, Elon Musk, has a net worth of $252.6 billion on the Forbes Real-Time Billionaires list. On Bloombergs Billionaires Index, the Tesla boss has a net worth of $232 billio… [+1598 chars]"
106,The Verge,Andrew J. Hawkins,10/2/2023,"Tesla produced over 430,000 vehicles in the third quarter of 2023","Tesla produced over 430,000 vehicles in Q3 of 2023, a 10 percent drop from the previous quarter but a 25 increase year over year. The company said it will produce 1.8 million vehicles in 2023.","Photo by Costfoto / NurPhoto via Getty Images

 

 Tesla produced 430,488 vehicles in the third quarter of 2023, a 10 percent drop from the previous quarter but a 25 percent year-over-year increase … [+624 chars]"
107,Fortune,Christiaan Hetzner,10/2/2023,Tesla unveils first quarter-on-quarter decline since 2020,A sequential decline snaps a consistent winning streak that stretched back to the early days of the Model Y in 2020.,"Elon Musk couldnt pull a rabbit out of a hat after all. Third-quarter vehicle sales at Tesla fell well short of expectations, with the carmaker suffering its first quarter-on-quarter decline since pr… [+5565 chars]"
108,The Jerusalem Post,By AARON REICH,10/2/2023,NASA to probe asteroid worth 40 million times more than Elon Musk,"Asteroid 16 Psyche is bigger than the island of Cyprus and is thought to be so full of iron and nickel that it could be worth $10,000 quadrillion, worth more than all the money in the world.","NASA is set to launch a probe into a massive Cyprus-sized asteroid that is almost 40 million times richer than Elon Musk, with its long-awaited mission now being delayed to October 12.
The asteroid … [+3320 chars]"
109,The Irish Times,Derek Scally,10/2/2023,Germany criticises Elon Musk for publicising far-right message,Attitudes to immigration are hardening among many in Germany in advance of Sunday’s state elections,"Germany has criticised billionaire Elon Musk for spreading a post from a supporter of the far-right Alternative für Deutschland (AfD) that described European migration policy as suicide.
On his X so… [+3768 chars]"
110,Breitbart News,"Alana Mastrangelo, Alana Mastrangelo",10/3/2023,Singer Grimes Sues Elon Musk over Parental Rights of Their Three Kids,"Singer Grimes is reportedly suing her ex-boyfriend, Elon Musk, over parental rights of their three children, X Æ A-Xii, Exa Dark Sideræl, and Techno Mechanicus.","Singer Grimes is reportedly suing her ex-boyfriend, Elon Musk, over parental rights of their three children, X Æ A-Xii, Exa Dark Sideræl, and Techno Mechanicus.
Grimes, whose real name is Claire Bou… [+1979 chars]"
111,Engadget,Mariella Moon,10/3/2023,"Tesla now offers a $43,990 rear-wheel drive Model Y in the US","Tesla has quietly updated its Model Y page to add a new option for buyers in the US: A rear-wheel drive Model Y that's cheaper than the other variants. It'll set buyers back $43,990, but with a full tax credit of $7,500, the electric vehicle could cost them a…","Tesla has quietly updated its Model Y page to add a new option for buyers in the US: A rear-wheel drive Model Y that's cheaper than the other variants. It'll set buyers back $43,990, but with a full … [+1376 chars]"
112,Fortune,The Associated Press,10/3/2023,Elon Musk hit with defamation suit for amplifying X posts that falsely placed California man at brawl of far-right protesters,"Benjamin Brody, 22, is represented by Mark Bankston, a Texas attorney who won a defamation case last year against conspiracy theorist Alex Jones in a lawsuit brought by families of the Sandy Hook Elementary shooting.","A California man who says he was harassed after Elon Musk amplified posts on his social media platform X, formerly known as Twitter, that falsely placed the man at a confrontation involving far-right… [+1787 chars]"
113,The Times of India,ET Online,10/3/2023,Elon Musk challenges Twitch: Tech billionaire live-streams 'Diablo IV' for 52 minutes to test X's gaming capacity,"Elon Musk, the tech entrepreneur who purchased Twitter last year, has tested the platform's game streaming capability by live-streaming himself playing the video game Diablo IV. The unannounced test attracted 1,300 viewers and accumulated 20,000 views. Howeve…","Tech entrepreneur Elon Musk, who purchased X (Twitter) last year, has been on a mission to turn the social media platform into an everything app and now he seems a step closer to achieving that goal.… [+1785 chars]"
114,Breitbart News,"Lucas Nolan, Lucas Nolan",10/3/2023,Elon Musk Hits a Speed Bump: Tesla Suffers First Quarter-On-Quarter Sales Decline in Years,"Elon Musk's Tesla suffered its first quarter-on-quarter sales decline in years, prompting concerns about America's appetite for electric vehicles. Analyst Dan Ives explains, “Even when factoring in the factory shutdowns with no rose-colored glasses, Tesla cle…","Elon Musk’s Tesla suffered its first quarter-on-quarter sales decline in years, prompting concerns about America’s appetite for electric vehicles. Analyst Dan Ives explains, Even when factoring in th… [+3320 chars]"
115,The Verge,Jacob Kastrenakes,10/3/2023,Grimes sues Elon Musk after saying he won’t let her ‘see my son’,Grimes is suing Elon Musk to establish a “parental relationship” with one of their children. They have three children together.,"Grimes sues Elon Musk after saying he wont let her see my son
Grimes sues Elon Musk after saying he wont let her see my son
 / The lawsuit seeks to establish a parental relationship with one of the… [+1638 chars]"
116,The Verge,Andrew J. Hawkins,10/5/2023,Hyundai’s future EVs will also have Tesla’s EV charging port,Hyundai will feature Tesla’s EV charging port on its future vehicles. The South Korean company is the latest to adopt Tesla’s North American Charging Standard.,"Hyundais future EVs will also have Teslas EV charging port
Hyundais future EVs will also have Teslas EV charging port
 / The latest automaker to join Elon Musks EV charging party is also the first … [+2855 chars]"
117,ABC News,The Associated Press,10/5/2023,US regulators seek to compel Elon Musk to testify in their investigation of his Twitter acquisition,"The Securities and Exchange Commission says it is seeking a court order that would compel Elon Musk to testify as part of an investigation into his purchase of Twitter, now called X","SAN FRANCISCO -- The Securities and Exchange Commission said Thursday it is seeking a court order that would compel Elon Musk to testify as part of an investigation into his purchase of Twitter, now … [+2592 chars]"
118,Business Insider,Kali Hays,10/5/2023,The SEC is investigating Elon Musk's purchase of Twitter and attempting to force him to sit for questioning,The Tesla billionaire made a chaotic acquisition of Twitter last year.,"Elon Musk.Chesnot via Getty Images
<ul><li>The SEC is investigating Elon Musk's initial investment in Twitter and his eventual takeover.</li><li>The government agency says Musk has failed to sit for… [+2761 chars]"
119,CNN,Peter Valdes-Dapena,10/5/2023,Hyundai and Kia are the latest to switch to Tesla EV charging,"South Korean automakers Kia, Hyundai and luxury auto brand Genesis announced Thursday that their electric vehicles in the United States will have Tesla-style charging ports, starting in the last quarter of 2024. This will allow owners of those vehicles to sea…","South Korean automakers Kia, Hyundai and luxury auto brand Genesis announced Thursday that their electric vehicles in the United States will have Tesla-style charging ports, starting in the last quar… [+2384 chars]"
120,Fortune,The Associated Press,10/5/2023,Elon Musk's refusal to testify in SEC probe of Twitter acquisition prompts agency to seek court order,"Musk objected to testifying in San Francisco because he doesn’t live there—but still refused when the SEC said Texas was fine, too.","The Securities and Exchange Commission said Thursday it is seeking a court order that would compel Elon Musk to testify as part of an investigation into his purchase of Twitter, now called X.The SEC … [+2569 chars]"
121,Next Big Future,Brian Wang,10/6/2023,Tesla Megachargers for Semi Truck Charging,"Tesla has been producing the Semi in Texas since October 2022. Tesla has also deployed a mobile Megacharger at its Supercharger station in Baker, California. If Tesla adds 750 kilowatt chargers at larger Supercharger locations then they will need to allocate …","Tesla has been producing the Semi in Texas since October 2022. Tesla has also deployed a mobile Megacharger at its Supercharger station in Baker, California. If Tesla adds 750 kilowatt chargers at la… [+4259 chars]"
122,Business Insider,Erin Snodgrass,10/6/2023,Elon Musk and Grimes' 3 kids ordered to stay in California after Grimes files for physical custody,Grimes filed for physical custody of the former couple's kids about three weeks after Elon Musk sued her to establish a "parent-child relationship.","Elon Musk (left) and Grimes (right).Chesnot via Getty Images; Frazer Harrison via Getty Images
<ul><li>Grimes sued Elon Musk for physical custody of the former couple's three children last month.</l… [+4017 chars]"
123,TechRadar,Leon Poultney,10/6/2023,"Tesla drops prices again, with Model 3 and Model Y now discounted in the US","Tesla discounts Model 3 and Model Y in the USA, sparking rumours that refreshed models are on the way.","We reported earlier this week that Tesla was busy dropping the prices of its Model Y in the USA, introducing a cheaper RWD model that would replace the dual-motor AWD model, scrimping on an electric … [+3043 chars]"
124,Business Insider,"Jack Newsham,Grace Kay",10/6/2023,"EXCLUSIVE: Elon Musk filed custody suit against Grimes first, asking for 'relationship' with his children","Grimes' custody lawsuit against Elon Musk has been widely reported — but he sued her first, Insider has learned, asking a Texas judge to set the terms of the ""parent-child relationship.""","In this picture issued Sept. 26, 2023, by the Hungarian President's Press Office, Hungarian President Katalin Novak and founder and CEO of Tesla, Inc. Elon Musk tours the recently inaugurated Tesla p… [+4439 chars]"
125,The Irish Times,Keith Duggan,10/6/2023,"Elon Musk: The confusing, bizarre life of a risk-seeking billionaire","Walter Isaacson shadowed the world’s most famous nerd for two years, talking to those closest to him",The specifics of Elon Musks arrival on planet Earth are laid out in vivid detail on page 16 of this mammoth exploration of what reads like a wild but hollow 50 years of gambolling by the sun king of … [+5109 chars]
126,Engadget,Malak Saleh,10/6/2023,Kia EV owners will get access to Tesla Superchargers in North America,"Kia plans to build the NCAS port, which is the most common charging standard, into all of its new electric vehicles that go on sale in North America starting...","Kia drivers that own electric vehicles will be able to use
 12,000 Tesla Superchargers
 across the United States, Canada and Mexico. This is taking place, just as the company rolls out its EV9 elec… [+2002 chars]"
127,ABC News,The Associated Press,10/6/2023,"CalAmp, Tesla fall; Pioneer Natural, NuScale rise Friday, 10/6/2023","Stocks that are trading heavily or have substantial price changes on Friday: CalAmp, Tesla fall; Pioneer Natural, NuScale rise","NEW YORK -- Stocks that are trading heavily or have substantial price changes on Friday: 
Pioneer Natural Resources Co. (PXD), up $23.66 to $238.62.
Exxon Mobil is reportedly considering buying the… [+985 chars]"
128,Fortune,Lionel Lim,10/6/2023,"VinFast, Vietnam's answer to Tesla, unveils a $623M quarterly loss almost 2 months after its wild Nasdaq debut","Vietnam's answer to Tesla sold just 10,000 cars last quarter—mostly to a taxi company owned by its founder Pham Nhat Vuong.","VinFast, the recently-debuted Vietnamese electric carmaker that at one point was worth more than most of the auto industry, is getting even more of a reality check following a collapse in its share p… [+2396 chars]"
129,The Washington Post,Trisha Thadani,10/6/2023,Inside the final seconds of a deadly Tesla Autopilot crash,A lawsuit over the crash could determine whether the maker of the technology bears some responsibility when things go wrong in a vehicle guided by Autopilot.,"The sun had yet to rise in Delray Beach, Fla., when Jeremy Banner flicked on Autopilot. His red Tesla Model 3 sped down the highway at nearly 70 mph, his hands no longer detected on the wheel.
Secon… [+18423 chars]"
130,Fortune,Christiaan Hetzner,10/6/2023,Elon Musk is cutting Tesla's list prices in the U.S. again after poor Q3 sales,Once again Elon Musk is resorting to profit-eroding price discounts to stimulate demand after Q3 vehicle sales came in well short of market expectations.,"Elon Musk is slashing U.S. prices once again for both the Model Y and the Model 3 which together are responsible for over 95% of his vehicle sales.While this is good news for new buyers, it raises mo… [+3689 chars]"
131,Reuters,Reuters,10/7/2023,Tesla signs lease to open vast sales and service centre in Shanghai industrial park,Tesla <a href="https://www.reuters.com/markets/companies/TSLA.O" target="_blank">(TSLA.O)</a> has signed a leasing contract with Shanghai Waigaoqiao Free Trade Zone Group <a href="https://www.reuters.com/markets/companies/600648.SS" target="_blank">(600648.SS…,"SHANGHAI, Oct 7 (Reuters) - Tesla (TSLA.O) has signed a leasing contract with Shanghai Waigaoqiao Free Trade Zone Group (600648.SS) to open a massive sales and service centre in an industrial park in… [+888 chars]"
132,The Times of India,Shelley Singh,10/7/2023,"Maya, Mahesh, Tesla, and some soaring American dreams in Charlotte","For Indian students, the US continues to be a passport to a ‘better life and big opportunities. Even though studying in the US is highly expensive for Indian students, many hope to land a job in multinationals and stay on to live the American dream. However, …","SynopsisFor Indian students, the US continues to be a passport to a ‘better life and big opportunities’. Even though studying in the US is highly expensive for Indian students, many hope to land a jo… [+129 chars]"
133,Newsweek,Eileen Falkenberg-Hull,10/9/2023,Partnership Has Mercedes Reimagining Space Travel as a Luxury Experience,"A partnership between Mercedes-Maybach and Space Perspective is set to bring super luxury, eco-friendly space tourism to elite clients.","There's no Mercedes floating around in Space like there is a Tesla, but soon space travelers will be able to escape Earth's atmosphere in Maybach style. Through a new partnership with Space Perspecti… [+4647 chars]"
134,Reuters,Chris Prentice,10/9/2023,Analysis: Why the SEC might win its latest battle with Elon Musk,"The U.S. Securities and Exchange Commission (SEC) has taken Elon Musk to court again, and this time it may win.","WASHINGTON, Oct 9 (Reuters) - The U.S. Securities and Exchange Commission (SEC) has taken Elon Musk to court again, and this time it may win.
The agency on Thursday asked a federal court to force Mu… [+5044 chars]"
135,News24,news24,10/9/2023,News24 | A list of Elon Musk's legal entanglements,Here's a look at Elon Musk's growing legal challenges.,"<ul><li>Below is a list of Elon Musk's legal entanglements.</li><li>For more stories, visit the Tech and Trends homepage. </li></ul>
Elon Musk was sued by the US securities regulator related to his … [+5451 chars]"
136,The Irish Times,Proinsias O'Mahony,10/10/2023,Magnificent seven stocks are keeping indices afloat,"While the S&P 500 is still up 11% this year, it is entirely due to tech giants which are up 81%","The so-called magnificent seven tech giants Apple, Microsoft, Alphabet, Amazon, Nvidia, Tesla, and Meta may have slipped lately, but they are still keeping the US stock market aloft.
At the end of M… [+1053 chars]"
137,Business Insider,psyme@insider.com (Pete Syme),10/11/2023,Tesla rejected a major union's claims of health and safety issues at its Berlin gigafactory — weeks after an official said he feared someone could die,"Tesla workers at the Berlin Gigafactory have suffered serious injuries like burns and amputated limbs, per local authority documents cited by Reuters.","Tesla has denied accusations from a German union and the country's media that workers at the Berlin Gigafactory are subject to inadequate health and safety provisions, Reuters reported.
Serious inju… [+1674 chars]"
